	BGC	Genus	Name	Type	Functions	Structure	Gram	Antibacterial	Antifungal	Siderophore	MW
1	BGC0001753	Streptomyces	radamycin	RiPP	unk	CC(C)C1NC(=O)C2=CSC(=N2)C2=C(N=C(C=C2)C(=O)NC(=C)C(=O)NC(=C)C(N)=O)C2=C(C)OC(=N2)C(=C)NC(=O)C(=C)NC(=O)C2=CSC(=N2)C(C)NC(=O)C2=CSC(=N2)C(C)NC(=O)C2=C(C)OC(CNC1=O)=N2	1	0	0	0	1105.274160324
4	BGC0001656	Planktothrix	luminaolide	Polyketide	unk	C[C@@H]1[C@H](C[C@H]2O[C@@H](C=CC2)C[C@H](C[C@@H](CC(=O)O[C@H](C[C@H](C[C@@H]([C@@H]([C@H](C[C@H]3O[C@@H](C=CC3)C[C@H](C[C@@H](CC(=O)O[C@H](C[C@H](C[C@@H]1O)O)[C@H]([C@H](OC)[C@H](CCC(=O)[C@H]([C@@H](OC)[C@@H](/C=C/N(C=O)C)C)C)C)C)O)OC)OC)C)O)O)[C@H]([C@H](OC)[C@H](CCC(=O)[C@H]([C@@H](OC)[C@@H](/C=C/N(C=O)C)C)C)C)C)O)OC)OC	0	0	0	0	1538.9952534239997
11	BGC0001815	Streptomyces	uncialamycin	Polyketide	unk	CC([C@]12[C@@H]3C#C/C=C\C#C[C@H]([C@@]1(O2)C4=CC(=C5C(=C4N3)C(=O)C6=CC=CC=C6C5=O)O)O)O	1	0	0	0	439.1055872639999
13	BGC0001714	Amycolatopsis	octacosamicin	NRP	unk	C(CC/C=C/C=C/C(=O)CCC/C=C/C=C/CCCCC(CC(CC(C(C(=O)NCC(=O)O)O)O)O)O)CCN(C(=N)N)O	1	0	0	0	624.3734292439998
16	BGC0001746	Streptomyces	pristinol	Terpene	unk	C[C@@H]1CC/C/2=C(/C[C@@H](CC(C[C@@H]12)(C)C)O)\C	1	0	0	0	222.198365452
19	BGC0000151	Streptomyces	stambomycin A	Polyketide	Antibacterial,Other	O=C(OC(/C=C/C(O)CC(CCCC(C(C1O)C)O)O)C)CC2(O)OC(C[C@H](O[C@@H]3O[C@H](C)[C@@H](O)[C@H](N(C)C)[C@H]3O)C2C)C(C)C(O)/C(C)=C/C=C/CC(O)C(C)C(O)CCCC(O)CC(O)/C(C)=C/C(C(O)C(O)CCC(C)CC(O)CC(O)C(C)CC1)CCCC(CC)C	1	1	0	0	1373.95266034
20	BGC0000220	Streptomyces	Enterocin	Polyketide	Antibacterial	O[C@]12C[C@@H](O3)[C@@H](O)[C@]([C@@](C(C4=CC=CC=C4)=O)([H])C2(O)C3=O)(O)[C@@H]1C5=CC(OC)=CC(O5)=O	1	1	0	0	444.1056468399999
22	BGC0001419	Hyalangium	Myxochromide D	NRP	Unknown	C1(=O)N[C@@H](CC(C)C)C(=O)N[C@@H](C)C(=O)N[C@@H](CCC(=O)N)C(=O)O[C@H](C)[C@H](N(C)C(=O)/C=C/C=C/C=C/C=C/C=C/C=C/C=C/CC)C(=O)N[C@@H]1C	0	0	0	0	736.4159627519999
24	BGC0001822	Cystobacter	vioprolide	NRP	unk	C\C=C1/NC(=O)C2CSC(=N2)C2CC(C)N2C(=O)C(CC(C)C)NC(=O)C(C)NC(=O)C(O)COC(=O)C(C(C)C)N(C)C(=O)C(NC(=O)C2CCCCN2C1=O)C(C)O	0	0	0	0	862.4258758039999
26	BGC0001687	uncultured	N-tetradecanoyl tyrosine	Other	unk	CCCCCCCCCCCC(=O)N[C@@H](Cc1ccc(O)cc1)C(O)O	3	0	0	0	365.25660859999994
27	BGC0000195	Streptomyces	alnumycin A	Polyketide	Unknown	OC1=C2C(C=C(C)O[C@@H]2CCC)=CC3=C1C(C([C@]4([H])O[C@@H](CO)[C@H](O)CO4)=CC3=O)=O	1	0	0	0	416.14711772799984
32	BGC0001692	Xenorhabdus	nematophin	NRP	unk	CCC(C)C(=O)C(=O)NCCC1=CNC2=CC=CC=C12	0	0	0	0	272.15247788
35	BGC0001670	Streptomyces	monensin	Polyketide	unk	CCC1(CCC(O1)C1(C)CCC2(CC(O)C(C)C(O2)C(C)C(OC)C(C)C(O)=O)O1)C1OC(CC1C)C1OC(O)(CO)C(C)CC1C	1	0	0	0	670.4292128039999
36	BGC0001212	Nannocystis	nannocystin a	NRP	Antifungal,Cytotoxic	C[C@@H](CC)[C@@H]1N(C([C@@]2(C)[C@H](C[C@H](/C(C)=C/C=C/[C@H]([C@@H](C3=CC=CC=C3)OC([C@H](C(O)(C)C)NC([C@H](NC1=O)CC4=CC(Cl)=C(O)C(Cl)=C4)=O)=O)C)OC)O2)=O)C	0	0	1	0	815.3315357
38	BGC0001606	Fusarium	gibepyrone A	Polyketide	unk	C\C=C(/C)C1=CC=C(C)C(=O)O1	2	0	0	0	164.083729624
44	BGC0001006	Salinispora	lymphostin	NRP	Inhibitor	NC1=C(N=C2)C(C2=CC(C(/C=C/OC)=O)=N3)=C3C(NC(C)=O)=C1	1	0	0	0	310.10659030799997
47	BGC0001545	Fusarium	chrysogine	NRP	unk	C[C@H](O)C1=NC2=C(C=CC=C2)C(=O)N1	2	0	0	0	190.07422756
49	BGC0000288	Streptomyces	A-503083 A	NRP	unk	O=C1[C@@H](NC(C2=C[C@H](O)[C@H](O)[C@@H](O[C@@H](C(N)=O)[C@]3([H])[C@@H](OC)[C@@H](OC(N)=O)[C@H](N(C=C4)C(NC4=O)=O)O3)O2)=O)CCC[C@@H](C)N1	1	0	0	0	626.2183851479999
50	BGC0000949	Streptomyces	A-500359 A	NRP	unk	O[C@@H]1[C@H](OC)[C@@]([H])([C@H](C(N)=O)O[C@H]2OC(C(N[C@@H]3C(N[C@H](C)CCC3)=O)=O)=C[C@H](O)[C@@H]2O)O[C@H]1N(C=C4)C(NC4=O)=O	1	0	0	0	583.212571496
52	BGC0000092	Micromonospora	megalomicin A	Polyketide	unk	CC[C@@H]1[C@@]([C@@H]([C@H](C(=O)[C@@H](C[C@@]([C@@H]([C@H]([C@@H]([C@H](C(=O)O1)C)O[C@H]2C[C@@]([C@H]([C@@H](O2)C)O)(C)O)C)O[C@H]3[C@@H]([C@H](C[C@H](O3)C)N(C)C)O)(C)O[C@H]4C[C@H]([C@H]([C@@H](O4)C)O)N(C)C)C)C)O)(C)O	1	0	0	0	876.55586986
59	BGC0000199	uncultured	Arimetamycin B	Polyketide	Unknown	O=C1C2=C(C(C(C=C3C4=O)=C1C(O)=C3[C@@H](O[C@H]5C[C@H](O)[C@@H](O)[C@H](C)O5)[C@H](OC)[C@@]4(O)C)=O)C=C(OC)C=C2O	3	0	0	0	544.1580763359998
71	BGC0000551	Streptomyces	SapB	Lantipeptide	Surfactant	CCC(C)C1C(=O)NC(C(=O)NC(C(=O)NC(CSCC(C(=O)NC(C(=O)NC(C(=O)NC(=C)C(=O)N1)CC(C)C)CO)NC(=O)C(CC(=O)O)NC(=O)CNC(=O)C2CSCC(C(=O)NC(C(=O)NC(C(=O)NC(=C)C(=O)NC(C(=O)NC(C(=O)NC(C(=O)N2)CC(C)C)CC(C)C)CC(C)C)C)CCCNC(=N)N)NC(=O)CNC(=O)C(C(C)O)N)C(=O)NC(CC(=O)N)C(=O)O)C(C)O)C(C)O	1	0	0	0	2025.9611954279987
79	BGC0000464	Xenorhabdus	Xenoamicin A	NRP	Other	O=C(N[C@H](C(N[C@H](C(C)C)C(N[C@@H](C(C)C)C(N[C@H](C)C(NCCC1=O)=O)=O)=O)=O)C(C)C)[C@@H]([C@H](OC([C@@H](NC([C@@H]2N1CCC2)=O)C(C)C)=O)C)NC([C@H]([C@H](C)CC)NC([C@@H](CC(C)C)NC([C@H](C(C)C)NC([C@@H](C)NC([C@H]3N(C(CCC)=O)CCC3)=O)=O)=O)=O)=O	0	0	0	0	1299.8166097879994
80	BGC0000198	Salinispora	Arenimycin A	Polyketide	Antibacterial,Cytotoxic	CC1=CC2=C(C(O)=C1C(OC)=O)[C@]3(C(C4=CC5=C(C(O)=C4C([C@]3(CC2)OC)=O)C(C=C(C5=O)N[C@@H]6[C@@H]([C@H]([C@H]([C@@H](O6)C)O)O)OC)=O)=O)O	1	1	0	0	667.1901047360002
83	BGC0000673	Aspergillus	ent-pimara-8(14),15-diene	Terpene	unk	C[C@@]1(CC[C@@H]2C(=C1)CC[C@H]3[C@]2(CCCC3(C)C)C)C=C	2	0	0	0	272.250401024
86	BGC0001572	Pantoea	desferrioxamine E	Other	unk	C1CCNC(=O)CCC(=O)N(CCCCCNC(=O)CCC(=O)N(CCCCCNC(=O)CCC(=O)N(CC1)O)O)O	0	0	0	0	600.3482771160001
87	BGC0000942	Bacillus	petrobactin	Other	Siderophore	C1=CC(=C(C=C1/C(=N/CCCNCCCC/N=C(\\O)/CC(O)(C(=O)O)C/C(=N/CCCCNCCC/N=C(\\O)/C2=CC(=C(C=C2)O)O)/O)/O)O)O	1	0	0	1	718.3537564200002
95	BGC0001137	Marinactinospora	marinacarboline a	Alkaloid	Other	O=C(C1=CC(C2=CC=CC=C2N3)=C3C(C(C)=O)=N1)NCCC4=CC=C(OC)C=C4	1	0	0	0	387.15829153199996
96	BGC0001597	Actinomadura	fluvirucin b2	Polyketide	unk	CCC1CCCC(CC)C(=O)NCCCC(CC)C(CC1)O[C@@H]1O[C@@H](C)[C@H](O)[C@@H](N)[C@H]1O	1	0	0	0	456.3563226359999
97	BGC0000817	uncultured	methylarcyriarubin	Alkaloid	Cytotoxic	O=C(N1C)C(C2=CNC3=CC=CC=C32)=C(C4=CNC5=CC=CC=C54)C1=O	3	0	0	0	341.11642672
108	BGC0001631	Microcystis	kasumigamide	NRP	unk	NC(=N)NCCC[C@@H](NC(=O)C[C@H](O)[C@@H](CC1=CNC2=CC=CC=C12)NC(=O)CCNC(=O)[C@H](O)CC1=CC=CC=C1)C(=O)N[C@H]([C@H](O)C1=CC=CC=C1)C(O)=O	0	0	0	0	786.3700751800002
109	BGC0001633	Streptomyces	ketomemicin B3	Other	unk	N=C(N)NCCC[C@H](NC(=N)N)C(=O)N[C@@H](Cc1ccccc1)C(=O)C[C@@H](Cc2ccccc2)C(=O)O	1	0	0	0	509.2750525999999
119	BGC0001603	Micromonospora	gentamicin	Saccharide	unk	CC1(COC(C(C1NC)O)OC2C(CC(C(C2O)OC3C(C(C(C(O3)CO)O)O)N)N)N)O	1	0	0	0	482.25879341599995
121	BGC0000393	Myxococcus	Myxoprincomide-c506	NRP	Unknown	CNC(CO)C(=O)NC(CC(C)C)C(=O)NC(C(O)(C)C)C(=O)NC(CO)C(=O)NC(C(C)C)C(=O)C(=O)NC(CO)C(=O)NC(CC1=CC=C(O)C=C1)C(=O)NC(CCCN)CC(=O)NC(C)C(=O)O	0	0	0	0	1010.5284262880001
125	BGC0000593	Microcystis	microviridin J	Microviridin	Inhibitor	CCC(C)C(NC(C)=O)C(=O)N[C@@H](CO)C(=O)N[C@@H]1[C@@H](C)OC(=O)CC2NC(=O)[C@@H]3COC(=O)CC[C@@H](NC(=O)[C@H](CC4=CNC5=C4C=CC=C5)NC2=O)C(=O)N[C@@H](CCC(=O)NCCCC[C@H](NC(=O)C(CCCNC(N)=N)NC1=O)C(=O)N[C@@H](CC1=CC=C(O)C=C1)C(=O)N1CCC[C@H]1C(=O)N3)C(=O)N[C@@H](CC1=CC2=C(N1)C=CC=C2)C(O)=O	0	0	0	0	1683.7681559999992
126	BGC0001228	Salinispora	Retimycin A	NRP	Cytotoxic	O=C(NC1C(NC(C)C(N(C)C2C(N(C)C3(C(C)C3)C(OC(C)C(NC(C4=NC5=CC=CC=C5C=C4O)=O)C(NC(C)C(N(C)C(C(S(C)=O)SC2)C(N(C)C6(C(C)C6)C(OC1C)=O)=O)=O)=O)=O)=O)=O)=O)C7=NC8=CC=CC=C8C=C7O	1	0	0	0	1170.4150534120001
132	BGC0001133	Xenorhabdus	Taxlllaid	NRP	Other	O=C(N[C@@H]([C@@H](C)OC([C@H](C)NC([C@@H](NC([C@@H](CC(C)C)NC(C(NC([C@H](CC(C)C)NC(C(N1)C)=O)=O)CC(C)C)=O)=O)CC(C)C)=O)=O)C1=O)CCCC(C)C	0	0	0	0	807.5469769160002
134	BGC0001172	Streptomyces	Chlorizidine A	NRP	Cytotoxic	ClC1=C(Cl)C=C2N1C(C3=C2C=C(O)C([C@]4([H])CCC5=CC(Cl)=C(Cl)N54)=C3O)=O	1	0	0	0	441.94455289999996
135	BGC0001616	Aspergillus	himeic acid A	NRP	unk	C[C@@H](CC(=O)NC(=O)C1=COC(\C=C\CCCCCCCCC(O)=O)=CC1=O)C(O)=O	2	0	0	0	435.1893168879999
137	BGC0001187	Glarea	xenolozoyenone	NRP	Unknown	CCCCCC/C=C/C=C/C=C/C(O)=C1C(N(O)CC/1=O)=O	2	0	0	0	305.162708216
153	BGC0000439	Saccharomonospora	Taromycin A	NRP	Antibacterial	O=C(N[C@H](C(N[C@@H](C(N[C@@H](CC(O)=O)C(N[C@H](C(NCC(N[C@H](C(N[C@@H](CC(O)=O)C(N[C@H](C)C(N[C@H](C(NCC(N[C@@H](C(N[C@H](C(N[C@H]1CC(C2=CC=C(Cl)C=C2N)=O)=O)[C@H](C)CC(O)=O)=O)C)=O)=O)CC(O)=O)=O)=O)=O)CCCN)=O)=O)[C@@H](C)OC1=O)=O)=O)CC(N)=O)=O)CC3=CNC4=C3C=CC(Cl)=C4)/C=C/C=C/CCC	1	1	0	0	1639.5749067719994
155	BGC0001804	Streptomyces	tiancimycin	Polyketide	unk	C[C@H]1C[C@H](C(=O)/C=C/C=C/[C@@H]([C@H](OC(=O)/C=C/[C@@H]([C@H]1O)C)C)C)C	1	0	0	0	334.21440944
159	BGC0000582	Streptomyces	cypemycin	Linaridin	Antibacterial,Cytotoxic	CC(N(C)C)C(N/C(C(N1C(CCC1)C(NC(C(N/C(C(N2C(CCC2)C(N/C(C(NC(C(NC(C(NC(C(NC(C(NC(C(NC(C(NC(C(NC(C(NC(C(N/C(C(NC(C(NC(C(NC(C(NC3C(C)C)=O)CC(C)C)=O)CS/C=C\\NC3=O)=O)[C@H](C)CC)=O)=C/C)=O)CO)=O)[H])=O)CCC(N)=O)=O)[C@H](C)CC)=O)C(C)C)=O)CC4=CC=CC=C4)=O)CCC(N)=O)=O)C)=O)C(C)C)=O)=C\\C)=O)=O)=C\\C)=O)C)=O)=O)=C\\C)=O	1	1	0	0	2095.1288528079976
171	BGC0000080	Sorangium	jerangolid A	Polyketide	unk	CC[C@@H]1C(=CC[C@@H](O1)/C(=C/[C@H](C)/C=C/[C@H]2CC(=C(C(=O)O2)CO)OC)/C)C	0	0	0	0	376.2249741239999
174	BGC0001751	Pyxidicoccus	pyxipyrrolone A	NRP	unk	CC(C)[C@@H](O)C(C)/C=C/C=C/C=C(\C)/[C@]1(C)C2CC[C@@H](O)[C@H](C)C=2C2C(=O)NC(=C)C=2[C@@]1([H])C(O)=O	0	0	0	0	481.28282334799997
180	BGC0000262	Streptomyces	prejadomycin	Polyketide	Unknown	OC1=CC=CC2=C1C(O)=C(C(C[C@@](CC(C)=C3)(O)[C@]4([H])C3=O)=O)C4=C2	1	0	0	0	324.099773612
185	BGC0001648	Streptomyces	lasalocid	Polyketide	unk	[H][C@@](C)(CCC1=C(C(O)=O)C(O)=C(C)C=C1)[C@]([H])(O)[C@]([H])(C)C(=O)[C@]([H])(CC)[C@@]1([H])O[C@@](CC)(C[C@@H]1C)[C@@]1([H])CC[C@](O)(CC)[C@H](C)O1	1	0	0	0	590.3818686879999
189	BGC0001580	Kitasatospora	ebelactone	Polyketide	unk	CC[C@@H](C)[C@H]([C@H](C)C(=O)[C@H](C)/C=C(\C)/C[C@H](C)[C@H]1[C@@H](C(=O)O1)C)O	1	0	0	0	338.24570956799994
193	BGC0000603	Streptomyces	cyclothiazomycin A	Thiopeptide	Antifungal,Other	O=C([C@H]1CSC(C2=CSC(C3=CSC(C(NC([C@@H]4CSC(C5=CSC(C6=CC=C(C(N[C@@H](CC(N)=O)C7=N[C@H](C(N/C8=C\\C)=O)CS7)=O)C([C@H](NC9=O)C)=N6)=N5)=N4)=O)=C)=N3)=N2)=N1)N[C@H](C(O)=O)CS[C@@](C)(C(N[C@]([C@H](O)C)([H])C(NCC(N/C(C(N%10[C@H]9CCC%10)=O)=C\\C)=O)=O)=O)NC8=O	1	0	1	0	1472.2894357279993
200	BGC0001409	Streptomyces	dutomycin	Polyketide	unk	CCC[C@@H](C)\C=C(\C)C(=O)OC1C(C)OC(CC1(C)O)OC1CCC(O[C@@H]2C(O)=C(C(C)=O)C(=O)[C@@]3(O)C(=O)C4=C(O)C5=C(C(C)=C4C[C@@]23O)C(=O)C(OC)=CC5=O)OC1C	1	0	0	0	854.336100268
202	BGC0001353	Lentzea	thiolactomycin	NRP	unk	C\C(C=C)=C/[C@@]1(C)SC(=O)C(C)=C1O	1	0	0	0	210.071450688
203	BGC0000319	Streptomyces	cephamycin C	NRP	Antibacterial,Inhibitor	CO[C@@]1([C@@H]2N(C1=O)C(=C(CS2)COC(=O)N)C(=O)O)NC(=O)CCCC(C(=O)O)N	1	1	0	0	446.11074928399995
212	BGC0001703	Nostoc	nocuolin A	Other	unk	CCCCC/C1=N/N(C(=O)CCO)OC(CCCCC)C1	0	0	0	0	298.22564282
228	BGC0001676	Streptomyces	mycemycin A	Alkaloid	unk	COC(=O)C1=C2NC(=O)C3=CC=CC=C3OC2=CC=C1	1	0	0	0	269.068807832
235	BGC0001667	Fischerella	microcystin-LR	NRP	unk	C[C@H]1[C@@H](NC(=O)[C@@H](NC(=O)[C@H]([C@@H](NC(=O)[C@@H](NC(=O)[C@H](NC(=O)C(=C)N(C(=O)CC[C@@H](NC1=O)C(=O)O)C)C)CC(C)C)C(=O)O)C)CCCN=C(N)N)/C=C/C(=C/[C@H](C)[C@H](CC2=CC=CC=C2)OC)/C	0	0	0	0	994.548767808
237	BGC0001530	Streptomyces	bicyclomycin	Other	unk	[H][C@](O)([C@@](C)(O)CO)[C@@]12NC(=O)[C@@](O)(NC1=O)C(=C)CCO2	1	0	0	0	302.111400916
244	BGC0001795	Nostoc	swinholide A	Polyketide	unk	C[C@@H]1O[C@H](C[C@@H](C1)OC)CC[C@@H]([C@H](O)[C@@H]([C@H]2OC(=O)/C=C\C(=C/C[C@@H](C[C@H]3O[C@H](C[C@@H]([C@H]([C@H](C[C@H]([C@@H]([C@H](OC(=O)/C=C\C(=C/C[C@@H](C[C@H]4O[C@H](C[C@@H]([C@H]([C@H](C[C@H]([C@@H]2C)O)O)C)OC)CC=C4)O)\C)[C@H]([C@@H](O)[C@H](CC[C@@H]5O[C@H](C[C@H](C5)OC)C)C)C)C)O)O)C)OC)CC=C3)O)\C)C)C	0	0	0	0	1388.931196624
248	BGC0000972	Escherichia	N-myristoyl-D-asparagine	NRP	Antibacterial,Other	CCCCCCCCCCCCCC(N[C@@H](C(O)=O)CC(N)=O)=O	0	1	0	0	342.251857568
249	BGC0001474	Streptomyces	thiopeptin	Thiopeptide	Antibacterial	C[C@H]([C@H](NC1=S)C2=NC([C@@H](N3)[C@](C4=NC(C(N[C@@](C(N/C(C5=N[C@@H](C(N[C@](C(C)(O)[C@@H](C)O)([H])C6=NC1=CS6)=O)CS5)=C\\C)=O)([H])[C@@H](C)O)=O)=CS4)(NC([C@H](C)NC(C(NC([C@H](C)NC([C@H](C(C)C)N[C@@H]7C=CC8=C(N=C9C=C8[C@@H](O)C)[C@H]7O)=O)=O)=C)=O)=O)CC[C@@H]3C%10=NC(C(NC(C(NC(C(O)=O)=C)=O)=C)=O)=CS%10)=CS2)OC9=O	1	1	0	0	1668.453523847999
257	BGC0001537	Streptomyces	butyrolactol A	Polyketide	unk	CC(CC=CC=CCCC=CC=CCCC(C)(C)C)C(O)C(O)C(O)C(O)C(O)C1OC(=O)C(O)C1O	1	0	0	0	526.3141830519999
265	BGC0000374	Streptomyces	hormaomycin	NRP	Antibacterial,Signalling,Other	CC[C@H](C)[C@@H](C(N1C[C@@H](/C=C\\C)C[C@H]1C2=O)=O)NC([C@H]([C@@H](C3=CC=CC=C3)C)NC([C@H](NC([C@H]([C@H](C)C4=CC=CC=C4)NC([C@@H]([C@@H](C)O2)NC([C@H](C[C@H]5[C@H]([N+]([O-])=O)C5)NC(C6=CC=C(Cl)N6O)=O)=O)=O)=O)C[C@H]7[C@H]([N+]([O-])=O)C7)=O)=O	1	1	0	0	1128.4683245679998
282	BGC0001003	Streptomyces	alpha-lipomycin	NRP	Antibacterial	CC(C)C(O[C@H]1C[C@H](O)[C@H](O)[C@@H](C)O1)C(C)\\C=C(C)\C=C\C=C\C=C\C=C\C(=O)C1=C(O)C(CCC(O)=O)N(C)C1=O	1	1	0	0	587.30943202
286	BGC0001541	Cercospora	cercosporin	Polyketide	unk	COC1=C(C[C@H](C)O)C2=C3C(C[C@H](C)O)=C(OC)C(=O)C4=C3C3=C(OCOC5=C3C2=C(C(O)=C5)C1=O)C=C4O	2	0	0	0	534.1525970319999
287	BGC0001661	Streptomyces	mayamycin B	Polyketide	unk	CN[C@@H]1C[C@@H](O[C@H](C)[C@H]1O)C1=C(O)C2=C(C(=O)C3=CC=CC(O)=C3C2=O)C2=C(O)C=C(C)C=C12	1	0	0	0	463.1631021399999
290	BGC0001617	Stereum	hirsutene	Terpene	unk	C[C@]12[C@H](CCC1=C)C[C@@H]3[C@H]2CC(C3)(C)C	2	0	0	0	204.187800768
291	BGC0000605	Streptomyces	GE37468	Thiopeptide	unk	NC(=O)CC1NC(=O)c2nc(oc2C)c2ccc(nc2c2csc(n2)c2csc(n2)C2N(C(=O)C(NC(=O)C3N=C(C(NC(=O)c4nc1sc4)Cc1ccccc1)SC3)Cc1ccc(cc1)O)C(CC2C)O)c1scc(n1)C(=O)NC(=C)C(=O)NC(=C)C(=O)O	1	0	0	0	1308.2492681039998
296	BGC0001131	Xenorhabdus	Ambactin	NRP	Other	CC(C)C[C@@H]2NC(=O)[C@H](NC(=O)[C@@H](NC(=O)[C@@H](CO)NC(=O)[C@H](CCCCN)NC(=O)[C@@H](Cc1ccccc1)NC2=O)CCC(N)=O)Cc3ccccc3	0	0	0	0	750.406460688
301	BGC0001370	Streptomyces	lipopeptide 8D1-1	NRP	unk	CCCC1OC1C(=O)N[C@@H](CO)C(=O)N[C@@H]([C@@H](C)O)C(=O)N[C@@H](CC1=CNC2=C1C=CC=C2)C(=O)N[C@@H](CC(O)=O)C(=O)N[C@@H](CC(O)=O)C(=O)N[C@@H](C(=O)N[C@@H](CC(O)=O)C(=O)NCC(=O)N[C@H](C(O)CON)C(=O)N[C@@H](CCC(O)=O)C(=O)N[C@@H](CC1=CNC2=C1C=CC=C2)C(O)=O)C1=CC=C(O)C=C1	1	0	0	0	1502.5473833639996
303	BGC0001527	Gelatoporia	basidioferrin	Other	unk	CC(=O)N(O)CCCC(N)C(=O)NC(CCCN(O)C(C)=O)C(=O)NC(CCCN(O)C(C)=O)C(=O)O	2	0	0	0	534.2649414159999
315	BGC0000371	Rhodococcus	heterobactin A	NRP	unk	c1cc(c(c(c1)O)O)C(=O)N[C@H](CCCN/C(=N/C(=O)c2cccc(c2O)O)/N)C(=O)NCC(=O)N[C@H]3CCCN(C3=O)O	1	0	0	0	615.228890256
319	BGC0001427	Myxococcus	Myxochromide A	NRP	Unknown	CN([C@H]1[C@@H](C)OC(=O)CC[C@H](NC(=O)[C@H](NC(=O)[C@H]2CCCN2C(=O)[C@H](CC(C)C)NC(=O)[C@@H](NC1=O)C)C)C(=O)N)C(=O)/C=C/C=C/C=C/C=C/C=C/C=C/C=C/C=C/C	0	0	0	0	845.4687265960001
324	BGC0001776	Penicillium	shearinine D	Terpene	unk	[H][C@]12CC3=C(NC4=CC5=C(C=C34)[C@@H](O)[C@@]3([H])C5=CC(C)(C)OC3(C)C)[C@]1(C)[C@@]1(C)CC[C@@]34O[C@@]([H])(C(=O)C=C3[C@]1(O)CC2)C(C)(C)O4	2	0	0	0	599.32468816
326	BGC0001102	Burkholderia	Malleilactone	NRP	Siderophore	O=C1/C(C=C(C(CC)=O)O1)=C(O)/C(C)=C/CCCCCCC	0	0	0	1	306.183109312
330	BGC0000398	Pseudomonas	Orfamide B	NRP	Unknown	O=C([C@H](NC([C@@H](CCC(O)=O)NC([C@@H](NC(C[C@@H](O)CCCCCCCCCCC)=O)CC(C)C)=O)=O)[C@@H](C)OC([C@H](C(C)C)NC1=O)=O)N[C@H](C(C)C)C(N[C@@H](CC(C)C)C(N[C@H](CO)C(N[C@@H](CC(C)C)C(N[C@@H](CC(C)C)C(N[C@@H]1CO)=O)=O)=O)=O)=O	0	0	0	0	1280.8206921239992
335	BGC0001010	Melittangium	Melithiazol A	NRP	Antifungal,Cytotoxic	C=C(C)C1=N[C@]([H])(C2=NC(/C=C/[C@H]([*])[C@H](/C(=C\[*])/[*])C)=CS2)CS1	0	0	1	0	301.083315544
340	BGC0001750	Nannocystis	pyrronazol B	NRP	unk	COC1=CC(=O)O[C@H]([C@H]1C)C1=COC(=N1)C(\C)=C\C1=CC=C(Cl)N1	0	0	0	0	348.087684704
346	BGC0001519	Streptomyces	aurantimycin	NRP	unk	COC[C@@H]1N(O)C(=O)[C@H]2CCCNN2C(=O)[C@@H](NC(=O)[C@](C)(O)[C@]2(O)CC[C@@H](CC(C)C)[C@H](C)O2)[C@@H](OC(=O)[C@@H](C)N(O)C(=O)[C@@H]2CCCNN2C(=O)CNC1=O)C(C)C	1	0	0	0	856.4541987279998
350	BGC0000819	Penicillium	parahequamide A	NRP	Antifungal	C[C@]1(CCN2[C@]13C[C@H]4[C@](C2)(C[C@@]5(C4(C)C)C6=C(C7=C(C=C6)OC(C=CO7)(C)C)NC5=O)N(C3=O)C)O	2	0	1	0	493.25767121999996
353	BGC0001610	Streptomyces	gougerotin	Other	unk	CNCC(=O)NC(CO)C(=O)NC1C(C(C(OC1C(=O)N)N2C=CC(=NC2=O)N)O)O	1	0	0	0	443.17646076000005
358	BGC0000386	Burkholderia	Malleobactin A	NRP	Siderophore	O=C(N[C@H]([C@@H](O)C(O)=O)C(N[C@@H](CO)C(N[C@@H](CCCN(O)C=O)C(NCCCCN)=O)=O)=O)[C@H](CCC[N+]([O-])=O)NC=O	0	0	0	1	636.27148334
366	BGC0001800	Candidatus	theonellamide	NRP	unk	C[C@H]([C@H]1C(=O)NC[C@@H](C(=O)N[C@@H](C[C@H](CC(=O)N[C@H]2CC3=CN(C[C@H](C(=O)N[C@H](C(=O)N[C@H](C(=O)N1)[C@H](C(=O)N)O)CC(=O)N)NC(=O)[C@@H](NC(=O)C[C@H](NC(=O)[C@@H](NC(=O)[C@@H](NC(=O)[C@@H](NC2=O)[C@H](C)O)CO)CC4=CC=CC=C4)[C@H](/C=C(\C)/C=C/C5=CC=CC=C5)O)CO)C=[N+]3[C@H]6[C@@H]([C@H]([C@H]([C@H](O6)CO)O)O)O)O)C(=O)[O-])O)C7=CC=C(C=C7)Br	0	0	0	0	1762.599808627999
368	BGC0001510	Streptomyces	anisomycin	Other	unk	COC1=CC=C(C[C@H]2NC[C@H](O)[C@H]2OC(C)=O)C=C1	1	0	0	0	265.131408088
370	BGC0000427	Anabaena	shinorine	NRP	Other	O[C@](CC(NCC(O)=O)=C/1OC)(CO)CC1=N/[C@@H](CO)C(O)=O	0	0	0	0	332.12196559999995
373	BGC0000229	Streptomyces	grincamycin	Polyketide	Cytotoxic	O=C2C3=C(C=C[C@@](C[C@@](C)(OC5CCC(OC8CCC(C(C)O8)=O)C(C)O5)C4)(O)[C@@](O)3C4=O)C(C1=C(O)C(C6CC(O)C(OC7CCC(OC9CCC(C(C)O9)=O)C(C)O7)C(C)O6)=CC=C12)=O	1	0	0	0	938.3936151440001
375	BGC0001422	Myxococcus	Myxochromide A	NRP	Unknown	CN([C@H]1[C@@H](C)OC(=O)CC[C@H](NC(=O)[C@H](NC(=O)[C@H]2CCCN2C(=O)[C@H](CC(C)C)NC(=O)[C@@H](NC1=O)C)C)C(=O)N)C(=O)/C=C/C=C/C=C/C=C/C=C/C=C/C=C/C=C/C	0	0	0	0	845.4687265960001
387	BGC0000668	Hapalosiphon	12-epi-hapalindole C	Terpene	Unknown	C=C[C@@]1(C)[C@H]([N+]#[C-])[C@]([C@@]([H])(C(C)=C)CC1)([H])C2=CNC3=CC=CC=C32	0	0	0	0	304.193948768
391	BGC0001023	Stigmatella	Myxochromide S1	NRP	Unknown	CN(C1C(C)CC(=O)C(NC(=O)C(C)NC(=O)C(C)NC(=O)C(NC1=O)CC(C)C)CCC(=O)N)C(=O)/C=C/C=C/C=C/C=C/C=C/C=C/C=C/C	0	0	0	0	720.4210481319999
394	BGC0001231	Jahnella	Microsclerodermin	NRP	Antibacterial	O=C([C@@H](O)[C@H](NC(C[C@@H](O)CNC(CNC([C@@H](CC1=CNC2=C1C=CC(Cl)=C2)NC(CN(C(C3)=O)C)=O)=O)=O)=O)[C@H](O)[C@@H](O)C/C=C/C4=CC=CC=C4)N[C@H](C5)[C@@]3(O)NC5=O	0	1	0	0	868.3158466880002
405	BGC0001805	Klebsiella	tilivalline	NRP	unk	C1C[C@H]2[C@@H](NC3=C(C=CC=C3O)C(=O)N2C1)C4=CNC5=CC=CC=C54	0	0	0	0	333.147726848
406	BGC0000898	Streptomyces	desosamine	Saccharide	Antibacterial	C[C@@H]1C[C@@H]([C@H]([C@@H](O1)O)O)N(C)C	1	1	0	0	175.120843404
408	BGC0001817	Streptomyces	vancosamine	Other	unk	C[C@@H]([C@H]([C@](C)(CC=O)N)O)O	1	0	0	0	161.10519334
418	BGC0000583	Streptomyces	grisemycin	Linaridin	Unknown	CC(C(N/C(C(N1C(CCC1)C(NC(C)C(NC(C(NC(C(NC(C(NC(C(NC(C(NC(C(NC(C(NC(C(NC(C(N/C(C(NC(C(NC(C(NC(C(NC2C(C)C)=O)CC(C)C)=O)CS/C=C\\NC2=O)=O)[C@H](C)CC)=O)=C/C)=O)CO)=O)[H])=O)CCC(N)=O)=O)[C@H](C)CC)=O)C(C)C)=O)CC3=CC=CC=C3)=O)CCC(N)=O)=O)C)=O)C(C)C)=O)=O)=O)=C\\C)=O)N(C)C	1	0	0	0	1832.0018614039986
419	BGC0001712	Aspergillus	ochrindol	Other	unk	COC1=C(O)C(C2=CNC3=CC=CC=C23)=C(OC)C(CC=C(C)C)=C1C1=CNC2=C1C=CC=C2	2	0	0	0	452.209992756
424	BGC0000944	Staphylococcus	Staphyloferrin A	Other	Siderophore	C(C[C@H](C(=O)[O-])NC(=O)CC(CC(=O)[O-])(C(=O)[O-])O)CNC(=O)CC(CC(=O)[O-])(C(=O)[O-])O	1	0	0	1	475.0863711875499
426	BGC0001083	Streptomyces	merochlorin A	Polyketide	Antibacterial	OC1=C2C([C@]3(C/C(C4)=C(C)\\C)[C@@H]4[C@@](C)(CC/C=C(C)/C)[C@](C3=O)(Cl)C2=O)=CC(O)=C1	1	1	0	0	428.17543708799997
433	BGC0001518	Aspergillus	astellolide	Terpene	unk	[H][C@@]12[C@@H](CC3=C(COC3=O)[C@@]1(COC(C)=O)CCC[C@]2(C)COC(C)=O)OC(=O)C1=CC=CC=C1	2	0	0	0	470.1940679199999
439	BGC0001778	Streptomyces	showdomycin	Other	unk	OC[C@H]1O[C@H]([C@H](O)[C@@H]1O)C1=CC(=O)NC1=O	1	0	0	0	229.058637072
440	BGC0001794	Alternaria	swainsonine	Polyketide	unk	C1C[C@H]([C@@H]2[C@@H]([C@@H](CN2C1)O)O)O	2	0	0	0	173.10519334
441	BGC0000962	Lyngbya	barbamide	NRP	Cytotoxic	CC(C/C(=C\\C(=O)N(C)C(CC1=CC=CC=C1)C2=NC=CS2)/OC)C(Cl)(Cl)Cl	0	0	0	0	460.054582016
452	BGC0001793	Chaetothyriaceae	swainsonine	Polyketide	unk	C1C[C@H]([C@@H]2[C@@H]([C@@H](CN2C1)O)O)O	2	0	0	0	173.10519334
456	BGC0000971	Streptomyces	Cinnabaramide	NRP	Antifungal,Cytotoxic	[H][C@]1([C@@H]([C@]([C@@]2(C)O3)(NC([C@@]2(CCCCCC)[H])=O)C3=O)O)CCCC=C1	1	0	1	0	335.209658408
457	BGC0001178	Actinoplanes	UK-68,597	NRP	Antibacterial	O=C1N[C@@H](C2=CC(O3)=CC(OS(O)(=O)=O)=C2)C(N[C@@H](C(N[C@@H]45)=O)C6=CC(OC7=C(Cl)C=C(C[C@@H]1NC(C(C8=CC3=C(O)C(Cl)=C8)=O)=O)C=C7)=C(O[C@@H]9[C@H](OC%10O[C@@H](C)[C@@H](O)[C@](N)(C)C%10)[C@@H](O)[C@H](O)[C@@H](CO)O9)C(OC%11=CC=C([C@@H](O)[C@H](NC4=O)C(N[C@@H](C(O)=O)C%12=CC(O)=CC(O)=C%12C%13=CC5=CC(Cl)=C%13O)=O)C=C%11Cl)=C6)=O	1	1	0	0	1649.2145007159995
462	BGC0001056	Serratia	zeamine	NRP	Antibacterial	CCCCCC(N)CCCCCCCC(N)CCCCCCCC(N)CCCCCCCC(N)CCCCCCCC(O)CCNC(CC(O)CC(O)C(N)C(C)C)=O	0	1	0	0	840.8119058080001
463	BGC0000171	Streptomyces	9-methylstreptimidone	Polyketide	Antifungal	C/C=C\\C(C)=C\\[C@@H](C(C[C@H](O)CC(CC(N1)=O)CC1=O)=O)C	1	0	1	0	307.17835828
485	BGC0000305	Pseudomonas	Arthrofactin A	NRP	Surfactant	CCCCCCC[C@H](O)CC(N[C@@H](C(N[C@@H](C(N[C@H]([C@H](OC([C@@H](NC([C@@H](NC([C@@H](NC([C@@H](CO)NC(C(CC(C)C)N1)=O)=O)[C@@H](C)CC)=O)[C@@H](C)CC)=O)CC(O)=O)=O)C)C(N[C@@H](C(N[C@H](CC(C)C)C(N[C@H](CO)C1=O)=O)=O)CC(C)C)=O)=O)CC(O)=O)=O)CC(C)C)=O	0	0	0	0	1353.8006849519995
486	BGC0001502	Aeromonas	amonabactin	NRP	unk	N[C@@H](CCCCNC(=O)CNC(=O)C1=CC=CC(O)=C1O)C(=O)N[C@@H](CCCCNC(=O)C1=CC=CC(O)=C1O)C(=O)N[C@@H](CC1=CC=CC=C1)C(O)=O	0	0	0	0	750.3224562920001
488	BGC0001438	Streptomyces	Warkmycin CS1	Polyketide	Unknown	O[C@H](C(C)=C1)[C@@]2(O)[C@]([C@@]1([H])O[C@H](C[C@@H](OC)[C@@H]3O)O[C@H]3C)(O)C4=C(C(C(C(O)=C5[C@@H](C[C@@H](O[C@H]6C[C@]([C@H](O[C@@H]7O[C@@H]([C@H](CC7)OC(N)=O)C)[C@@H](C)O6)(C)O)[C@@H]8O)O[C@@H]8C)=C(C=C5)C4=O)=O)[C@H](O)[C@@H]2OC(C)=O	1	0	0	0	1007.3998227200002
489	BGC0001136	Beauveria	desmethylbassianin	NRP	Unknown	OC1=CC=C(C2=CN(O)C(C(C(/C=C/C=C/C=C/[C@H](C)CC)=O)=C2O)=O)C=C1	2	0	0	0	381.157622836
491	BGC0000189	Xenorhabdus	Xenocyloin A	Polyketide	Unknown	CC(C)C(=O)[C@@H](O)Cc1c[nH]c2ccccc12	0	0	0	0	231.125928784
493	BGC0000462	Pseudomonas	WLIP	NRP	Antibacterial,Other	O=C([C@@H](CC(C)C)NC([C@@H](C(C)C)NC([C@H](NC([C@H](NC([C@H](CC(C)C)NC(C[C@H](O)CCCCCCC)=O)=O)CCC(O)=O)=O)[C@](C)([H])OC1=O)=O)=O)N[C@H](CO)C(N[C@@H](CC(C)C)C(N[C@H](CO)C(N[C@H]1[C@H](CC)C)=O)=O)=O	0	1	0	0	1125.6896779600002
501	BGC0001720	Beauveria	oosporein	Polyketide	unk	CC1=C(O)C(=O)C(=C(O)C1=O)C1=C(O)C(=O)C(C)=C(O)C1=O	2	0	0	0	306.03756727999996
503	BGC0001647	Streptomyces	lagunapyrone A	Polyketide	unk	C\C=C(/C)[C@@H](O)[C@H](C)[C@H](O)C\C=C(/C)\C=C(/C)C\C(C)=C\C\C=C(/C)[C@@H](O)[C@@H](C)C1=CC=C(C)C(=O)O1	1	0	0	0	512.3501746359999
510	BGC0001642	Fusarium	koraiol	Terpene	unk	CC1(CC2C1CCC(C3C2(CC3)C)(C)O)C	2	0	0	0	222.198365452
511	BGC0001352	Streptomyces	Tu 3010	NRP	unk	CCC1=C(O)[C@](CC(N)=O)(SC1=O)\C=C(/C)C=C	1	0	0	0	267.092914404
514	BGC0000314	Pseudoalteromonas	bromoalterochromide A	NRP	Antibacterial,Cytotoxic	O=C([C@H](CC(N)=O)NC1=O)N[C@H](CC(N)=O)C(N[C@H]([C@@H](C)CC)C(O[C@H](C)[C@H](C(N[C@@H]1C(C)C)=O)NC(/C=C/C=C/C=C/C=C/C2=CC=C(O)C(Br)=C2)=O)=O)=O	0	1	0	0	843.2802529000002
518	BGC0001675	Streptomyces	murayaquinone	Polyketide	unk	CCCC(=O)C1=CC2=C(C(O)=C1C)C(=O)C(=O)C1=C2C=CC=C1O	1	0	0	0	324.099773612
519	BGC0001368	Streptomyces	tambromycin	NRP	unk	CN1C=C(C2=N[C@@](C)(CO2)C(=O)N[C@@H]([C@H]2CCCN2)C(=O)N[C@@](C)(CO)C(O)=O)C2=C1C=C(Cl)C=C2O	1	0	0	0	535.1833759799999
520	BGC0000273	Streptomyces	steffimycin	Polyketide	Cytotoxic	CC1C(C(C(C(O1)OC2C(C(C(=O)C3=C2C(=C4C(=C3)C(=O)C5=CC(=CC(=C5C4=O)O)OC)O)(C)O)OC)OC)O)O	1	0	0	0	574.1686410199999
525	BGC0000380	Sorangium	Leupyrrin	NRP	Antifungal	C1(OC/C(=C(/C)\CCC[*])/C/1=C/C1C2COC(=O)C(CC(C)C)CC(=O)OC3C(C)(CO)C(=O)OC3C(C)=CCC3NC(=CC=3)C(O2)=N1)CC(C)C	0	0	1	0	707.3907563399998
527	BGC0001130	Xenorhabdus	Fabclavine Ia	NRP	Antibacterial,Antifungal,Cytotoxic	CC(N)CCCCCCCC(N)CCCCCCCC(N)CCCCCCCC(N)CCCCCCC[C@@H](O)CCNC(=O)C[C@@H](O)C[C@@H](O)[C@@H]3CCCN3C(=O)C2NC(=O)[C@H](CC(N)=O)NC(=O)[C@H](NC(=O)[C@H](Cc1ccccc1)NC(=O)C[C@H](N)C(=O)O)CC(=O)NC2C	0	1	1	0	1355.9519810599998
532	BGC0000628	Lactobacillus	lactocillin	Thiopeptide	Antibacterial	O=C(NC(C(O)=O)C)C1=CSC(C2=CSC(C3=NC(C4=CSC(C(CSC(C5=CNC6=C5C=CC=C6)=O)NC7=O)=N4)=C(C8=NC(C(NC(C(C)O)C(N/C(C9=NC(C(NC(C%10=NC7CS%10)C(O)C)=O)=CS9)=C\\C)=O)=O)=CS8)C=C3)=N2)=N1	1	1	0	0	1223.1457316399994
537	BGC0000890	Pseudoalteromonas	pentabromopseudilin	Other	Antibacterial,Cytotoxic,Inhibitor	C1=C(C=C(C(=C1Br)O)C2=C(C(=C(N2)Br)Br)Br)Br	0	1	0	0	548.620974248
539	BGC0001012	Streptomyces	meridamycin	NRP	unk	CC\C1=C/C[C@H](OC(=O)C2CCCCN2C(=O)C(=O)[C@]2(O)O[C@@H](CC[C@H]2C)C[C@H](O)[C@H](C)[C@@H](O)C[C@@H](O)C[C@H](O)\C(C)=C/[C@@H](C)CC(C)[C@@H]1O)C(\C)=C\[C@@H](C)[C@@H](C)O	1	0	0	0	821.5289268399999
542	BGC0001583	Escovopsis	emodin	Polyketide	unk	CC1=CC(=C2C(=C1)C(=O)C3=CC(=CC(=C3C2=O)O)O)O	2	0	0	0	270.05282342
543	BGC0001582	Nonomuraea	ecumicin	NRP	unk	[H][C@]1(NC(=O)[C@@H](NC(=O)[C@H](CC2=CNC3=CC=CC(OC)=C23)N(C)C(=O)[C@H](C(C)C)N(C)C(=O)[C@@H](NC(=O)[C@H](CC(C)C)N(C)C(=O)[C@@H](NC(=O)[C@]([H])([C@@H](C)O)N(C)C(=O)[C@@H](NC(=O)[C@H]([C@H](C)CC)N(C)C(=O)[C@@H](NC(=O)[C@H](C(C)C)N(C)C)C(C)C)[C@@H](C)OC(=O)[C@@H](NC1=O)C(C)C)C(C)C)C(C)C)C(C)C)[C@H](O)C1=CC=CC=C1	1	0	0	0	1599.0051388279999
544	BGC0001533	Streptomyces	borrelidin	Polyketide	unk	[H][C@]1(CCC[C@H]1C(O)=O)[C@]1([H])C\C=C\C=C(C#N)/[C@H](O)[C@@H](C)C[C@H](C)C[C@H](C)C[C@H](C)[C@@H](O)CC(=O)O1	1	0	0	0	489.30903809599994
545	BGC0000838	Flavobacterium	flexirubin	Polyketide	unk	CCCCCCCCCCCCC1=C(C=C(C=C1OC(=O)/C=C/C=C/C=C/C=C/C=C/C=C/C=C/C=C/C2=CC(=C(C=C2)O)C)C)O	0	0	0	0	634.4022102080002
547	BGC0001424	Myxococcus	Myxochromide C	NRP	Unknown	C1(=O)N[C@@H](CC(C)C)C(N2CCC[C@H]2C(=O)N[C@@H](CCC(=O)N)C(=O)O[C@H](C)[C@H](N(C)C(=O)/C=C/C=C/C=C/C=C/C=C/C=C/C=C/C=C/C)C(=O)N[C@@H]1C)=O	0	0	0	0	774.431612816
555	BGC0001064	Cylindrospermum	Cylindrocyclophane D	Polyketide	Cytotoxic	OC1=C2C(O)=CC([C@H](OC(C)=O)[C@@H](C)CCCC[C@H](CCCC)C(C(O)=C3)=C(O)C=C3[C@H](OC(C)=O)[C@@H](C)CCCC[C@@H]2CCCC)=C1	0	0	0	0	668.4288188799999
563	BGC0001691	Thelonectria	nectrisine	Other	unk	C1=N[C@@H]([C@H]([C@@H]1O)O)CO	2	0	0	0	131.058243148
565	BGC0000094	Streptomyces	methymycin	Polyketide	Antibacterial	CC[C@@H]1[C@@](/C=C/C(=O)[C@@H](C[C@@H]([C@@H]([C@H](C(=O)O1)C)O[C@H]2[C@@H]([C@H](C[C@H](O2)C)N(C)C)O)C)C)(C)O	1	1	0	0	469.30395271599997
572	BGC0001431	Stigmatella	Myxochromide S	NRP	Unknown	CC(C[C@@H]1NC([C@@H](N(C)C(=O)/C=C/C=C/C=C/C=C/C=C/C=C/C=C/C)[C@@H](C)OC(=O)[C@H](CCC(=O)N)NC([C@H](C)NC(=O)[C@H](C)NC1=O)=O)=O)C	0	0	0	0	722.4003126880001
579	BGC0000837	Vibrio	APE Vf	Other	Unknown,Antioxidant	CC1=C(O)C(C)=CC(/C=C/C=C/C=C/C=C/C=C/C=C/C(OC)=O)=C1	0	0	0	0	336.17254462799997
581	BGC0000506	Bacillus	Entianin	Lantipeptide	Antibacterial,Signalling	NC(CC1=CNC2=C1C=CC=C2)C(NC(CCCCN)C(NC(CSCC(C(NC(C5C)C(N4C(C(NC([H])C(NC(CS5)C(NC(C(C)C)C(NC(C6C)C(NC([H])C(NC(CC(C)C)C(NC(CC(C)C)C(NC(CCC(N)=O)C(NC(C(NC(CS6)C(NC(CC7=CC=CC=C7)C(NC(CC(C)C)C(NC(CCC(N)=O)C(NC(C8C)C(NC(C(CC)C)C(NC(C9C)C(NC(CS8)C(NC(CC(N)=O)C(NC(CS9)C(NC(CCCCN)C(NC(C(CC)C)C(NC(C(NC(CCCCN)C(O)=O)=O)=C)=O)=O)=O)=O)=O)=O)=O)=O)=O)=O)=O)=O)=O)=CC)=O)=O)=O)=O)=O)=O)=O)=O)=O)CCC4)=O)=O)NC3=O)C(NC(CCC(O)=O)C(NC(C(NC3C(C)C)=O)=C)=O)=O)=O)=O	1	1	0	0	3346.594578952005
595	BGC0000847	Streptomyces	thienamycin	Other	Antibacterial	C[C@H]([C@H]1[C@H]2CC(=C(N2C1=O)C(=O)O)SCCN)O	1	1	0	0	272.083077992
605	BGC0001429	Stigmatella	Myxochromide S	NRP	Unknown	CC(C[C@@H]1NC([C@@H](N(C)C(=O)/C=C/C=C/C=C/C=C/C=C/C=C/C=C/C)[C@@H](C)OC(=O)[C@H](CCC(=O)N)NC([C@H](C)NC(=O)[C@H](C)NC1=O)=O)=O)C	0	0	0	0	722.4003126880001
606	BGC0000816	Malbranchea	Malbrancheamide A	NRP	Inhibitor	CC1([C@@H]2C[C@]34CCCN3C[C@@]2(CC5=C1NC6=C5C=CC(=C6)Cl)NC4=O)C	2	0	0	0	369.160790068
610	BGC0000849	Streptomyces	SCB1	Other	Signalling	O[C@@H](CCCCC(C)C)[C@H]1C(=O)OC[C@H]1CO	1	0	0	0	244.167459248
629	BGC0000969	Chondromyces	Chondramid A	NRP	Cytotoxic	C1(=O)NC(C2C=CC(O)=CC=2)C(OC)C(OC(C(C)C=C(C)CC(C)C(=O)NC(C)C(=O)N(C)C1CC1C2C=CC=CC=2NC=1)C)=O	0	0	0	0	646.336649812
630	BGC0001706	Hypoxylon	nodulisporic acid F	Terpene	unk	[H][C@]12CC3=C(NC4=C3C=CC=C4)[C@]1(C)[C@@]1(C)CC[C@H](O)[C@@](C)(CC\C=C(/C)C(O)=O)[C@]1([H])CC2	2	0	0	0	435.27734404399996
631	BGC0001779	Streptomyces	siamycin	RiPP	unk	CC[C@H](C)[C@H]1C(=O)N[C@H](C(=O)N[C@@H](CSSC[C@H]2C(=O)N[C@H](C(=O)N[C@H]3CC(=O)N[C@@H](CSSC[C@@H](C(=O)NCC(=O)N[C@H](C(=O)N[C@H](C(=O)N1)C)CC4=CC=C(C=C4)O)NC(=O)CNC(=O)[C@@H](NC(=O)[C@@H](NC3=O)CC5=CC=CC=C5)C)C(=O)N[C@H](C(=O)NCC(=O)N[C@H](C(=O)NCC(=O)N[C@H](C(=O)N2)CO)C(C)C)CC(C)C)CC(=O)N)C(=O)N[C@@H](CC6=CC=CC=C6)C(=O)N[C@@H](CC7=CNC8=CC=CC=C87)C(=O)O)C(C)C	1	0	0	0	2161.8518453119987
643	BGC0000463	Pseudomonas	xantholysin A	NRP	Antibacterial,Antifungal	CCCCCCCC(O)CC(NC(CC(C)C)C(NC(CCC(O)=O)C(NC(CCC(N)=O)C(NC(C(C)C)C(NC(CC(C)C)C(NC(CCC(N)=O)C(NC(CO1)C(NC(C(C)C)C(NC(CC(C)C)C(NC(CCC(N)=O)C(NC(CC(C)C)C(NC(CC(C)C)C(NC(CCC(N)=O)C(NC(C(CC)C)C1=O)=O)=O)=O)=O)=O)=O)=O)=O)=O)=O)=O)=O)=O)=O	0	1	1	0	1775.0808229319985
646	BGC0000275	Streptomyces	tetracenomycin C	Polyketide	Antibacterial,Cytotoxic,Other	O[C@H]1[C@@]2(O)[C@@](C(C(C(O)=C(C(C)=C(C(OC)=O)C(OC)=C4)C4=C3)=C3C2=O)=O)(O)C(C=C1OC)=O	1	1	0	0	472.1005614599999
656	BGC0001354	Streptomyces	U-68204	NRP	unk	CC[C@@]1(SC(=O)C(CC(N)=O)=C1O)\C=C(/C)C=C	1	0	0	0	267.092914404
658	BGC0001579	Streptomyces	duramycin	RiPP	unk	C[C@@H]1[C@H]2C(=O)N[C@H](C(=O)N[C@H](C(=O)N[C@H]3CSC[C@H]4C(=O)N[C@@H](CS1)C(=O)N[C@@H](CNCCCC[C@H](NC(=O)[C@H]([C@H](SC[C@@H](C(=O)N[C@H](C(=O)N[C@H](C(=O)N4)CCC(=O)N)CCCCN)N)C)NC(=O)[C@@H](NC(=O)CNC(=O)[C@@H](NC3=O)[C@H](C(=O)O)O)CC(=O)N)C(=O)O)C(=O)N[C@H](C(=O)NCC(=O)N5CCC[C@H]5C(=O)N[C@H](C(=O)N2)CC6=CC=CC=C6)CC7=CC=CC=C7)C(C)C)CC8=CC=CC=C8	1	0	0	0	2011.837909499999
663	BGC0000840	Xanthomonas	xanthomonadin	Other	unk	O=C(OCC(C)C)/C=C/C=C/C=C/C=C/C=C/C=C/C=C/C=C(Br)/C1=CC(OC)=C(Br)C=C1	0	0	0	0	572.05616902
667	BGC0001174	Corynebacterium	corynazolicin	LAP	Antibacterial	O=C(NCC(NCC(O)=O)=O)C1=CSC(C2=CSC(C3=CSC(C4=CSC(C5=CSC([C@@H]6CCCN6C([C@@H](NC(C7=C(C)OC(C8=C(C)OC(C9=CSC(C%10=COC(C%11=CSC([C@@H](N(C)C)CCCNC(N)=N)=N%11)=N%10)=N9)=N8)=N7)=O)[C@H](CC)C)=O)=N5)=N4)=N3)=N2)=N1	1	1	0	0	1336.2522623719994
674	BGC0001092	Candidatus	diaphorin	NRP	Cytotoxic	C[C@@H]1[C@H](C)C(C[C@@](C(O)C(NC(O)[C@@H]2C[C@@H](O)C(C)(C)[C@@H](CC(O)CO)O2)=O)(OC)O1)=C	0	0	0	0	461.26248182799986
678	BGC0001571	Nodulisporium	demethoxyviridin	Terpene	unk	C[C@]12[C@@H](CC(=O)C3=COC(=C31)C(=O)C4=C2C=CC5=C4CCC5=O)O	2	0	0	0	322.0841235479999
682	BGC0001480	Methylobacter	Tundrenone	Other	Unknown	O[C@@H]1C=CC([C@](C2)([H])[C@H]1OC(C(OCC(C(O)C(CCCCC)=O)=C)=O)=C)=C(O)C2=O	0	0	0	0	420.1784178559999
683	BGC0001176	Streptomonospora	Streptomonomicin	Lassopeptide	Antibacterial	O=C(O)C1CCCN1C(C(CC2=CC=C(O)C=C2)NC(C(C(C)CC)NC(C(C(C)C)NC(C(C(C)CC)NC(C(CC(C)C)NC(C(C)NC(C3N(C(C(CC4=CC=C(O)C=C4)NC(CNC(C(CC(C)C)NC(C(C(CC)C)NC(C(CC(NC(CO)C(NC(CC(C)C)C(NCC(NC(CO)C(NC5CO)=O)=O)=O)=O)=O)NC(C(CC(N)=O)NC(C(CC6=CC=C(O)C=C6)NC(C7CCCN7C5=O)=O)=O)=O)=O)=O)=O)=O)=O)CCC3)=O)=O)=O)=O)=O)=O)=O	1	1	0	0	2233.1670717199977
686	BGC0001825	Xenorhabdus	xenematides	NRP	unk	C[C@H]1OC(=O)CCNC(=O)C(CC2=CNC3=C2C=CC=C3)NC(=O)C(CC2=CNC3=C2C=CC=C3)NC(=O)[C@H]1NC(=O)CC1=CC=CC=C1	0	0	0	0	662.2852829360002
687	BGC0001531	Tenacibaculum	bisucaberin B	Other	unk	NCCCCCNC(=O)CCC(=O)N(O)CCCCCN(O)C(=O)CCC(O)=O	0	0	0	0	418.2427494279999
689	BGC0001346	Pseudomonas	Bananamide 1	NRP	Unknown	O=C(C(CC(C)C)NC(CC(O)CCCCCCCCC)=O)NC(CC(O)=O)C(NC(C(OC(C(CC(C)C)NC1=O)=O)C)C(NC(C(C)CC)C(NC(CC(C)C)C(NC(CCC(N)=O)C(NC1CC(C)C)=O)=O)=O)=O)=O	0	0	0	0	1107.7154987840001
691	BGC0001768	[Nectria]	sansalvamide	NRP	unk	CC(C)C[C@@H]1NC(=O)[C@@H](NC(=O)[C@H](CC(C)C)OC(=O)[C@H](CC(C)C)NC(=O)[C@H](CC2=CC=CC=C2)NC1=O)C(C)C	2	0	0	0	586.3730353200001
692	BGC0001013	Streptomyces	meridamycin	NRP	unk	CC\C1=C/C[C@H](OC(=O)C2CCCCN2C(=O)C(=O)[C@]2(O)O[C@@H](CC[C@H]2C)C[C@H](O)[C@H](C)[C@@H](O)C[C@@H](O)C[C@H](O)\C(C)=C/[C@@H](C)CC(C)[C@@H]1O)C(\C)=C\[C@@H](C)[C@@H](C)O	1	0	0	0	821.5289268399999
694	BGC0001546	Actinoplanes	chuangxinmycin	Alkaloid	unk	C[C@@H]1[C@@H](SC2=CC=CC3=C2C1=CN3)C(=O)O	1	0	0	0	233.051049592
697	BGC0001445	Aspergillus	Leporin B	NRP	Siderophore,Other	CC(CCC1)C(C1C(/C=C/C)O2)C3=C2C(C4=CC=CC=C4)=CN(O)C3=O	2	0	0	1	351.18344366
700	BGC0001717	Penicillium	okaramine B	Alkaloid	unk	CO[C@@H]1[C@@]2(O)N(C(=O)\C3=C\C4=C(NC5=CC=CC=C45)C(C)(C)\C=C/N3C2=O)[C@]23[C@H](C)C(C)(C)N2C2=C(C=CC=C2)[C@]13O	2	0	0	0	566.2529201880001
702	BGC0001796	Brevibacillus	tauramamide	NRP	unk	CC(C)CCCCCC(=O)N[C@H](CC1=CC=C(O)C=C1)C(=O)N[C@@H](CO)C(=O)N[C@H](CC(C)C)C(=O)N[C@@H](CC1=CNC2=C1C=CC=C2)C(=O)N[C@@H](CCCNC(N)=N)C(O)=O	1	0	0	0	863.49052466
703	BGC0001126	Fischerella	3-(Z-2'-isocyanoethenyl)-indole	Terpene	Unknown	[C-]#[N+]/C=C\\C1=CNC2=CC=CC=C21	0	0	0	0	168.068748256
710	BGC0001024	Stigmatella	Myxothiazol	NRP	Antifungal,Cytotoxic	C(=C/C(C)C)\C=C\[C@H](C)C1=NC(C2=NC(/C=C/[C@H](OC)[C@H](/C(=C\C(N)=O)/OC)C)=CS2)=CS1	0	0	1	0	487.19633391599996
713	BGC0001568	Streptomyces	cytorhodin	Polyketide	unk	CCC1(CC(C2=C(C3=C(C(=C2C1)O)C(=O)C4=C(C3=O)C=CC=C4O)O)OC5CC(C(C(O5)C)OC6CCC(C(O6)C)OC7CCC(C(O7)C)O)N(C)C)OC8CC(C(C(O8)C)O)N(C)C	1	0	0	0	912.4619694759999
714	BGC0000315	Streptomyces	CDA1b	NRP	Antibacterial	O=C(N[C@@H](CC(O)=O)C(N[C@H](C1=CC=C(O)C=C1)C(N[C@@H](CC(O)=O)C(NCC(N[C@@H](C(N[C@@H](CCC(O)=O)C(N[C@@H](CC2=CNC3=C2C=CC=C3)C(O[C@H](C)[C@@H]4NC([C@H](CO)NC(C(O5)C5CCC)=O)=O)=O)=O)=O)[C@H](OP(O)(O)=O)C(N)=O)=O)=O)=O)=O)[C@H](CC(O)=O)NC([C@@H](CC6=CNC7=C6C=CC=C7)NC4=O)=O	1	1	0	0	1562.487499137999
718	BGC0000383	Photorhabdus	Luminmycin	NRP	Cytotoxic	C1CCC[C@H](NC([C@H](C(O)C)NC(/C=C/C=C/CCCCCCC)=O)=O)C(=O)N[C@@H](C)C=CC(=O)N1	0	0	0	0	504.3311705079999
723	BGC0000964	Burkholderia	Burkholdac A	NRP	Cytotoxic	O=C(NC(C(C)C)C(O)CC1=O)C(CSSCC/C=C/C2O1)NC(C(NC(C2)=O)CCSC)=O	0	0	0	0	533.16879884
725	BGC0000468	Streptomyces	Bottromycin A2	Bottromycin	Antibacterial	C[CH]1CCN2[CH]1C(=O)N[CH](C(=O)N[CH](/C(=N/[CH](C(=O)N[CH]([CH](C)c3ccccc3)C(=O)N[CH](CC(=O)OC)c4nccs4)C(C)(C)C)/NCC2=O)C(C)(C)C)C(C)C	1	1	0	0	822.446217324
729	BGC0001769	Streptomyces	saquayamycin	Polyketide	unk	CC1C(CCC(O1)OC2(CC(=O)C3(C4=C(C=CC3(C2)O)C(=O)C5=C(C4=O)C=CC(=C5O)C6CC(C(C(O6)C)OC7C=CC(=O)C(O7)C)O)O)C)OC8C=CC(=O)C(O8)C	1	0	0	0	820.2942354560001
731	BGC0001732	Streptomyces	paulomycin	Other	unk	C/C=C(/C(=O)O[C@@H]1[C@H](OC([C@@H]([C@@H]1O[C@@H]2C[C@H]([C@H]([C@H](O2)C)O)OC)O)C3(CC(=O)C(=C(C3=O)C(=O)O)N)O)COC(=O)C)\N=C=S	1	0	0	0	658.1679893879999
742	BGC0001543	Hahella	chejuenolide A	Polyketide	unk	C[C@@H]1[C@@H](NC(C)=O)\C=C(/C)\C=C\[C@H](O)C\C=C(/C)\C=C\[C@@H](O)C\C=C(C)\C1=O	0	0	0	0	387.240958536
744	BGC0001569	Streptomyces	dechlorocuracomycin	NRP	unk	CC[C@H](C)[C@@H]3NC(=O)[C@@H](CC(C)C)NC(=O)[C@@H](C(C)C)NC(=O)[C@H](Cc1c[nH]c2ccccc12)NC(=O)C(C(O)C(N)=O)NC(=O)[C@H](CCCN)NC3=O	1	0	0	0	755.433009784
745	BGC0000038	Streptomyces	coelimycin P1	Polyketide	Unknown	C/C=C/C(=O)/C/1=C/C(=C\2/C=CCCN2)/SC[CH](C(=O)O1)NC(=O)C	1	0	0	0	348.11437811999997
765	BGC0001066	Streptomyces	Kendomycin	Polyketide	Antibacterial,Cytotoxic	C[C@H]\1CC[C@@H]2[C@@H]([C@@H]([C@H]([C@@H](O2)C3=C(C(=O)C(=C4C3=C[C@@](O4)([C@H](C[C@@H](C/C(=C1)/C)C)C)O)C)O)C)O)C	1	1	0	0	486.2981390639999
767	BGC0001025	Myxococcus	Myxovirescin A	NRP	Antibacterial	C1C(CCC[C@@H](CC)C=CC=C(COC)CC[C@@H](O)[C@H](C[C@H](O)CNC(=O)[C@H](CCC)OC(=O)[C@@H](C)C[C@H](C)CCC1)O)=O	0	1	0	0	623.439717912
775	BGC0000613	Nonomuraea	thiomuracin	Thiopeptide	Antibacterial	O=C(C1=C(C)SC(C(CC(N)=O)NC2=O)=N1)NC(C(O)C3=CC=CC=C3)C4=NC(C(NC(CC5=CC=C(O)C=C5)C(NC(C(C)C6CO6)C7=NC(C8=NC(C9=C(C%10=NC2=CS%10)C=CC(C%11=NC(C(NC(C(NC(C(O)=O)=C)=O)=C)=O)=CS%11)=N9)=CS8)=CS7)=O)=O)=CS4	1	1	0	0	1338.2056890399992
779	BGC0001738	Pyrenochaetopsis	phomasetin	NRP	unk	[H][C@]12C[C@@H](C)CC[C@]1([H])[C@](C)([C@@H](\C=C\C=C\C)C(C)=C2)C(\O)=C1\C(=O)[C@@H](CO)N(C)C1=O	2	0	0	0	413.2566086
783	BGC0000818	Aspergillus	Notoamide A	NRP	Cytotoxic	CC1(C=CC2=C(O1)C=CC3=C2N(C(=O)[C@@]34C[C@]56[C@H](C4(C)C)C[C@@]7(CCCN7C5=O)C(=O)N6)O)C	2	0	0	0	463.210721028
785	BGC0001702	Saccharothrix	nocamycin	NRP	unk	CC1C2C(=O)CC3(C(O3)C(C)C(=O)OC)C(O2)(OC1C(C)/C=C(\C)/C=C/C(=C4C(=O)CNC4=O)O)C	1	0	0	0	503.215531636
789	BGC0001554	Methanosarcina	coenzyme F430	Other	unk	C[C@@]12CC(=O)N[C@@]13C[C@H]4[C@H]([C@](C(=N4)C[C@@H]5[C@H]([C@@H]6CCC(=O)/C(=C/7\[C@H]([C@@H](/C(=C/C(=N3)[C@H]2CCC(=O)O)/[N-]7)CC(=O)O)CCC(=O)O)/C6=N5)CC(=O)O)(C)CC(=O)N)CCC(=O)O.[Ni]	3	0	0	0	905.2873021719101
794	BGC0001599	Burkholderia	fragin	NRP	unk	CCCCCCCC(=O)NCC(C(C)C)N(N=O)O	0	0	0	0	273.205241724
796	BGC0000283	Actinomyces	cetoniacytone A	Other	Cytotoxic	OC[C@]12C(C=C(NC(C)=O)[C@H](O)[C@H]1O2)=O	1	0	0	0	213.063722452
799	BGC0001770	Streptomyces	sceliphrolactam	Polyketide	unk	CC1CNC(=O)\C=C(/O)\C=C\C(\C)=C\C=C\C(O)C(O)C(O)C(=O)\C=C/C=C/C(/C)=C/C=C/C=C/1	1	0	0	0	481.24643783999994
806	BGC0001347	Pseudomonas	Poaeamide B	NRP	Unknown	CCCCCCCC(CC(NC(CC(C)C)C(NC(CCC(O)=O)C(NC(C(NC(C(CC)C)C(NC(CC(C)C)C(NC(CO)C(NC(CC(C)C)C(NC(CC(C)C)C(NC(CO)C(NC1C(C)CC)=O)=O)=O)=O)=O)=O)=O)C(C)OC1=O)=O)=O)=O)O	0	0	0	0	1252.7893919959997
808	BGC0000028	Streptomyces	Bafilomycin B1	Polyketide	Antibacterial,Antifungal,Other	C[C@@H]1C/C(=C\\C=C[C@@H]([C@H](OC(=O)/C(=C/C(=C/[C@H]([C@H]1O)C)/C)/OC)[C@@H](C)[C@H]([C@H](C)[C@]2(C[C@H]([C@@H]([C@H](O2)C(C)C)C)O)O)O)OC)/C	1	1	1	0	622.408083436
814	BGC0001605	Sinorhizobium	gibberellin	Terpene	unk	CC12[C@H](C=C[C@@]3([C@@H]1[C@@H]([C@]45[C@H]3CC[C@](C4)(C(=C)C5)O)C(=O)O)OC2=O)O	0	0	0	0	346.1416384239999
819	BGC0001709	Streptomyces	nystatin	Polyketide	unk	C[C@H]1/C=C/C=C/CC/C=C/C=C/C=C/C=C/C(CC2C(C(C[C@](O2)(CC(C(CCC(CC(CC(CC(=O)O[C@H]([C@@H]([C@@H]1O)C)C)O)O)O)O)O)O)O)C(=O)O)O[C@@H]3[C@H]([C@H]([C@@H]([C@H](O3)C)O)N)O	1	0	0	0	925.5034999400002
825	BGC0001766	Streptomyces	salinamide A	NRP	unk	[H][C@]1(NC(=O)[C@@H](CC2=CC=CC=C2)N(C)C(=O)[C@@H]2NC(=O)[C@@H](NC(=O)[C@H](NC(=O)[C@@H](C)[C@@H](O)C(C)C)[C@H](C)OC(=O)[C@@H](COC(=O)CNC(=O)\C=C\[C@@]3(CO3)[C@H](C)OC3=CC=C2C=C3)NC1=O)[C@H](C)CC)[C@H](C)O	1	0	0	0	1019.4851645080001
829	BGC0001593	Streptomyces	ficellomycin	NRP	unk	CC(C)C(C(=O)NC(C1CC(C2N1C2)N=C(N)N)C(=O)O)N	1	0	0	0	312.19098862799996
834	BGC0000350	uncultured	ET-743	NRP	Cytotoxic	CC1=C(C(=C2[C@@H]3[C@@H]4[C@H]5C6=C([C@@H](N4[C@H]([C@@H](N3C)CC2=C1)O)COC(=O)[C@@]7(CS5)C8=CC(=C(C=C8CCN7)O)OC)C9=C(C(=C6OC(=O)C)C)OCO9)O)OC	3	0	0	0	761.261830196
836	BGC0000372	Aspergillus	hexadehydroastechrome	NRP	Cytotoxic,Other	C=C(/C=C/C1=CC=CC2=C1NC=C2CC(N3O[Fe](ON4C(CC5=CNC6=C5C=CC=C6/C=C/C(C)=C)=C(N=C(C4=O)C)OC)ON7C(CC8=CNC9=C8C=CC=C9/C=C/C(C)=C)=C(N=C(C7=O)C)OC)=C(N=C(C3=O)C)OC)C	2	0	0	0	1106.3863370000001
843	BGC0001557	Paecilomyces	cornexistin	Polyketide	unk	CCC[C@H]1[C@H](C(=O)C[C@H](/C(=C/C)/CC2=C1C(=O)OC2=O)O)O	2	0	0	0	308.12598835999995
845	BGC0001470	Brevibacillus	macrobrevin	Polyketide	Antibacterial	CCC(C)C(O)/C=C/C(C)=C/C=C/C(C)CC(C)C(O1)CC(O)C(C)/C=C/C=C/C(C)C/C=C(C)/C(O)/C=C/CC(O)C(C)/C=C/C1=O	1	1	0	0	666.485939832
847	BGC0000834	Streptomyces	novobiocin	Saccharide	Antibacterial	O=C(N([H])[H])O[C@]([C@@]1([H])O[H])([H])[C@@](C(C([H])([H])[H])(C([H])([H])[H])O[C@@]1([H])OC2=C(C([H])([H])[H])C(OC3=O)=C(C(O[H])=C3N([H])C(C(C([H])=C4[H])=C([H])C(C([H])([H])/C([H])=C(C([H])([H])[H])/C([H])([H])[H])=C4O[H])=O)C([H])=C2[H])([H])OC([H])([H])[H]	1	1	0	0	612.231909972
849	BGC0000250	Streptomyces	nogalaviketone	Polyketide	Unknown	OC1=CC=CC2=C1C(C3=C(O)C(C(C[C@](C)(O)[C@@H]4C(OC)=O)=O)=C4C=C3C2=O)=O	1	0	0	0	396.0845174719999
853	BGC0001076	Streptomyces	Liposidomycin B	Other	Antibacterial,Inhibitor	O=S([O-])(O[C@H]([C@@H]([C@H](O1)CN)O)[C@@H]1O[C@@H]([C@@H]2N(C[C@@H]([C@H](N(C2=O)C)C(O)=O)OC(C[C@@H](OC(C[C@@H](CC(O)=O)C)=O)CCCCCCCCCC(C)C)=O)C)[C@@H](O[C@H]3N(C(N4)=O)C=CC4=O)[C@H]([C@H]3O)O)=O	1	1	0	0	1022.4132987759101
854	BGC0001428	Myxococcus	Myxochromide A	NRP	Unknown	CN([C@H]1[C@@H](C)OC(=O)CC[C@H](NC(=O)[C@H](NC(=O)[C@H]2CCCN2C(=O)[C@H](CC(C)C)NC(=O)[C@@H](NC1=O)C)C)C(=O)N)C(=O)/C=C/C=C/C=C/C=C/C=C/C=C/C=C/C=C/C	0	0	0	0	845.4687265960001
860	BGC0000872	Streptomyces	A-90289 A	Other	unk	CCCCCCCCCCCCCC(CC(=O)O[C@H]1CN(C)C(C(OC2OC(CN)[C@@H](O)[C@H]2O)C2OC([C@H](OS([O-])(=O)=O)[C@@H]2O)N2C=CC(=O)NC2=O)C(=O)N(C)[C@@H]1C([O-])=O)OC(=O)CC(C)CC(=O)O[C@@H]1OC(C)C(OC)[C@@H](OC)[C@H]1OC	1	0	0	0	1223.52653137982
870	BGC0001430	Stigmatella	Myxochromide S	NRP	Unknown	CC(C[C@@H]1NC([C@@H](N(C)C(=O)/C=C/C=C/C=C/C=C/C=C/C=C/C=C/C)[C@@H](C)OC(=O)[C@H](CCC(=O)N)NC([C@H](C)NC(=O)[C@H](C)NC1=O)=O)=O)C	0	0	0	0	722.4003126880001
872	BGC0001512	Streptomyces	anthrabenzoxocinone	Polyketide	unk	CC1=CC(=CC2=C1[C@@H]3C4=C(C[C@@](O3)(O2)C)C=C5C(=C4O)C(=O)C6=C(C=C(C=C6C5(C)C)O)O)O	1	0	0	0	460.15220310799987
876	BGC0001135	Xenorhabdus	Bicornutin A1	NRP	Antibacterial	N[C@@H](CCCNC(N)=N)C(N[C@H](CC(C)C)C(N[C@@H](CCCNC(N)=N)C(N[C@@H](CCCNC(N)=N)C(N[C@H](CCCNC(N)=N)C(NCCCCN)=O)=O)=O)=O)=O	0	1	0	0	825.5885563720003
878	BGC0000604	Nonomuraea	GE2270A	Thiopeptide	Antibacterial	CC1=C2C(=O)NCC(=O)NC(C3=NC(=CS3)C4=NC(=CS4)C5=C(C=CC(=N5)C6=NC(=CS6)C7=NC(CO7)C(=O)N8CCCC8C(=O)N)C9=NC(=CS9)C(=O)NC(C3=NC(=C(S3)COC)C(=O)NC(C(=N2)S1)CC(=O)NC)C(C)C)C(C1=CC=CC=C1)O	1	1	0	0	1289.2580589599997
886	BGC0000970	Chondromyces	Chondrochloren	NRP	Antibacterial	O(C)[C@@H](C(=O)N/C=C\C1C=CC(O)=C(Cl)C=1)[C@H](O)[C@@H](/C=C(\C)/C(=O)[C@@H](C)[C@@H](O)[C@H](C)CCCC)OC	0	1	0	0	525.2493302999999
890	BGC0001780	Herpetosiphon	siphonazole	NRP	unk	COC1=C(O)C=C(\C=C\C2=NC(C(=O)CC3=NC(C(=O)NC\C=C\C=C)=C(C)O3)=C(C)O2)C=C1	1	0	0	0	463.17433552
900	BGC0001471	Amycolatopsis	saalfelduracin	Thiopeptide	Antibacterial	C[C@H]([C@H](NC1=S)C2=NC([C@](N3)([H])[C@](C4=NC(C(N[C@@](C(N/C(C5=N[C@](C(N[C@](C(C)(O)[C@@H](C)O)([H])C6=NC1=CS6)=O)([H])CS5)=C\\C)=O)([H])[C@@H](C)O)=O)=CS4)(NC(C(NC(C(NC(C(NC([C@@](C)([H])N[C@@H]7C=CC8=C(N=C9C=C8[C@@H](O)C)[C@H]7O)=O)=C)=O)=C)=O)=C)=O)CCC3C%10=NC(C(NC(C(NC(C(O)=O)=C)=O)=C)=O)=CS%10)=CS2)OC9=O	1	1	0	0	1636.390923591999
907	BGC0001481	Fusarium	alpha-acorenol	Terpene	unk	C[C@H]1CCC([C@@]12CCC(=CC2)C)C(C)(C)O	2	0	0	0	222.198365452
915	BGC0001690	Streptomyces	natamycin	Polyketide	unk	C[C@@H]1C/C=C/C=C/C=C/C=C/[C@@H](C[C@H]2[C@@H]([C@H](C[C@](O2)(C[C@H](C[C@@H]3[C@H](O3)/C=C/C(=O)O1)O)O)O)C(=O)O)O[C@H]4[C@H]([C@H]([C@@H]([C@H](O4)C)O)N)O	1	0	0	0	665.3047405639999
916	BGC0001420	Hyalangium	Myxochromide D	NRP	Unknown	C1(=O)N[C@@H](CC(C)C)C(=O)N[C@@H](C)C(=O)N[C@@H](CCC(=O)N)C(=O)O[C@H](C)[C@H](N(C)C(=O)/C=C/C=C/C=C/C=C/C=C/C=C/C=C/CC)C(=O)N[C@@H]1C	0	0	0	0	736.4159627519999
919	BGC0001584	Streptomyces	C-1027	Polyketide	unk	C=c7oc6cc(OC)cc(C(=O)O[C@H]1COC(=O)C[C@H](N)c5cc(O)c(O[C@@H]3C#C/C=C1\C#C/C2=C/C=C\[C@@]23OC4OC(C)(C)C(N(C)C)C(O)C4O)c(Cl)c5)c6[nH]c7=O	1	0	0	0	843.2406160840002
922	BGC0001718	Aspergillus	okaramine B	NRP	unk	C[C@H]1[C@@]23[C@@]([C@@H]([C@]4(N2C(=O)/C/5=C/C6=C(C(/C=C\N5C4=O)(C)C)NC7=CC=CC=C76)O)OC)(C8=CC=CC=C8N3C1(C)C)O	2	0	0	0	566.2529201880001
924	BGC0001386	Streptomyces	JBIR-76	Polyketide	unk	COC1C2=COC(CO)=C2C(=O)C2=C(O)C(OC)=C(O)C=C12	1	0	0	0	306.073952788
936	BGC0001737	Corallococcus	phenalamide	NRP	unk	CC(CCC1=CC=CC=C1)/C=C(\C)/C(C(C)/C=C(\C)/C=C/C=C\C=C\C=C(/C)\C(=O)NC(C)CO)O	0	0	0	0	491.33994429999996
939	BGC0001360	Penicillium	mycophenolic acid	Polyketide	unk	Cc1c(c(n2c(cnc2c1Br)CSCCO)C)Br	2	0	0	0	391.91935826799994
940	BGC0001520	Bacillus	aurantinins B-D	Polyketide	unk	CC(CC(O)C(C)C(O)=O)C\C(C)=C\C=C\C=C\C1C(C)=CC2C(CCC(C)C2O[C@H]2O[C@@H](C)[C@H](O)C(=O)[C@@H]2O)C2\C1=C1\C(C)C(O)C\C\1=C(C)\C(=O)OC2=O	1	0	0	0	780.4084773599999
943	BGC0001421	Myxococcus	Myxochromide B	NRP	Unknown	C(=C/C=C/C=C/C=C/C=C/C=C/C)\\C=C\\C(=O)N(C)[C@H]1[C@@H](C)OC([C@@H](NC(=O)[C@@H](NC([C@@H]2CCCN2C(=O)[C@H](CC(C)C)NC(=O)[C@H](CC(C)C)NC(=O)[C@@H](C)NC1=O)=O)C)CCC(=O)N)=O	0	0	0	0	932.537140504
944	BGC0001562	Streptomyces	curacomycin	NRP	unk	CC[C@H](C)[C@@H]3NC(=O)[C@@H](CC(C)C)NC(=O)[C@@H](C(C)C)NC(=O)[C@H](Cc1c[nH]c2ccc(Cl)cc12)NC(=O)C(C(O)C(N)=O)NC(=O)[C@H](CCCN)NC3=O	1	0	0	0	789.394037432
946	BGC0000178	Chitinophaga	Elansolid A1	Polyketide	Antibacterial,Cytotoxic	[C@@]1(C)(O)C[C@@](C)(C)C2C1C=C(C)C([H])(/C=C\C=C\C=C/C(C(C)C(C/C=C(/C=C/C(O)=O)\C)O)O)C2C(OC)C1=CC=C(O)C=C1	0	1	0	0	620.371304004
948	BGC0001594	Fischerella	fischerindole	Alkaloid	unk	[C]=NC1C2c3c([nH]c4ccccc34)C(C)(C)C2CC(Cl)C1(C)C=C	0	0	0	0	338.154976416
949	BGC0000001	Verrucosispora	Abyssomicin C	Polyketide	Antibacterial,Cytotoxic	C[C@@H](C1=O)C[C@H](C)C/C=C/[C@H]([C@@H](O)[C@@H]2OC3=C1C4=O)[C@]3(O4)C[C@H]2C	1	1	0	0	332.162373868
953	BGC0001069	Sorangium	Chivosazol	NRP	Cytotoxic	O(C)C1C(C2OC=C(C=CC=CC(C(C)C=C(C)C=CC=CC=CC(=O)OC(C(C)C(CC(C)O)O)C(C)C=CC=CC=CC(O)C1)OC1O[C@H](C)[C@@H](O)[C@H](OC)[C@H]1OC)N=2)C	0	0	0	0	865.497626712
963	BGC0000453	Streptomyces	Valinomycin	NRP	Antibacterial,Antifungal,Cytotoxic,Other	CC1C(=O)NC(C(=O)OC(C(=O)NC(C(=O)OC(C(=O)NC(C(=O)OC(C(=O)NC(C(=O)OC(C(=O)NC(C(=O)OC(C(=O)NC(C(=O)O1)C(C)C)C(C)C)C(C)C)C)C(C)C)C(C)C)C(C)C)C)C(C)C)C(C)C)C(C)C	1	1	1	0	1110.63116004
969	BGC0000050	Streptomyces	E-837	Polyketide	unk	C/C=C(\C)/C(C(C)/C=C/C=C(\C)/CCC(CC1=C(C(=O)C(O1)(C)O)C)O)O	1	0	0	0	378.2406241879999
982	BGC0001335	uncultured	borregomycin A	Alkaloid	Cytotoxic	O=C1[C@]2(OC)N3C(C4=C([C@]2(OC)C(N1C)=O)C5=CC=C(Cl)C=C5N4)(O)C(C6=CC=C(Cl)C=C63)=O	3	0	0	0	501.049440624
988	BGC0001657	Lysobacter	lysocin	NRP	unk	CC[C@H](C)[C@H]1C(=O)N[C@H](C(=O)O[C@@H]([C@@H](C(=O)N[C@@H](C(=O)N[C@H](C(=O)NCC(=O)N([C@@H](C(=O)N[C@H](C(=O)N[C@@H](C(=O)N[C@H](C(=O)N[C@@H](C(=O)N[C@@H](C(=O)N1)CC2=CNC3=CC=CC=C32)CCC(=O)N)CCC(=O)O)CCCN=C(N)N)CC(C)C)CC4=CC=CC=C4)C)CO)CCCN=C(N)N)NC(=O)C[C@@H](CC(C)C)O)C)[C@@H](C)O	0	0	0	0	1616.8674761119996
992	BGC0000442	Aspergillus	terrequinone A	NRP	Cytotoxic	[H]N1C2=CC=CC=C2C(C(C(C(C/C=C(C)\\C)=C3C4=CN([H])C5=CC=CC=C54)=O)=C(O)C3=O)=C1C(C)(C=C)C.[H]N6C7=CC=CC=C7C(C(C(C(C/C=C(C)\\C)=C8C9=CN([H])C%10=CC=CC=C%109)=O)=C(O)C8=O)=C6C(C)(C=C)C	2	0	0	0	980.4512856399999
1012	BGC0001369	uncultured	metatricycloene	Polyketide	unk	NC(=O)\C=C\C=C\C1C=CC2C=CC3OC(\C=C\C=C\C=C\C(O)=O)C1C23	3	0	0	0	365.162708216
1021	BGC0000416	Xenorhabdus	Rhabdopeptide 1	NRP	Unknown	CC(C)C[C@H](NC)C(=O)N(C)[C@@H](C(C)C)C(=O)N[C@@H](C(C)C)C(=O)N(C)[C@@H](C(C)C)C(=O)NCCc1ccccc1	0	0	0	0	573.4254052399999
1028	BGC0001433	Streptomyces	argimycin PI	Polyketide	Unknown	O=C(O)[C@@H](NC(C)=O)CS/C(C)=C([H])/C([H])=C1C=CC2=C\\1C=CC=N2	1	0	0	0	330.103813436
1032	BGC0000459	Streptomyces	griseoviridin	NRP	Antibacterial	O=C(NC/C=C/C=C/[C@@H](O)C[C@H](CC1=NC2=CO1)O)/C(SC[C@H]3NC2=O)=C/C[C@@H](C)OC3=O	1	1	0	0	477.15697120399994
1033	BGC0001772	Anabaena	scytophycin	Polyketide	unk	C[C@H]1[C@@H](C[C@@H]([C@]2(CO2)[C@H](C[C@@H]3CC=C[C@H](O3)C[C@H]([C@H](/C=C(/C=C/C(=O)O[C@@H]1[C@@H](C)[C@H]([C@@H](C)CCC(=O)[C@H](C)[C@@H]([C@H](C)/C=C/N(C)C=O)OC)O)\C)O)OC)OC)OC)OC	0	0	0	0	849.5238414600001
1039	BGC0001803	Streptomyces	thioviridamide	Other	unk	CCC(C)C1NC(=O)C(CS\C=C/NC(=O)C(NC(=O)C(CC(C)C)NC(=O)C(C)NC1=O)C(O)C1=CN(C)C=[N+]1C)NC(=O)C(C)NC(=S)C(C)NC(=S)C(C)NC(=S)C(C)NC(=S)C(CCSC)NC(=S)C(NC(=O)C(C)(O)CC(C)=O)C(C)C	1	0	0	0	1345.5238585960897
1042	BGC0001418	Hyalangium	Myxochromide D	NRP	Unknown	C1(=O)N[C@@H](CC(C)C)C(=O)N[C@@H](C)C(=O)N[C@@H](CCC(=O)N)C(=O)O[C@H](C)[C@H](N(C)C(=O)/C=C/C=C/C=C/C=C/C=C/C=C/C=C/CC)C(=O)N[C@@H]1C	0	0	0	0	736.4159627519999
1045	BGC0000352	Acinetobacter	Fimsbactin A	NRP	Siderophore	O=C(N[C@@H](COC(=O)c1cccc(O)c1O)C(=O)NCCCCN(O)C(C)=O)[C@H]2N=C(OC2)c3cccc(O)c3O	0	0	0	1	574.19110778
1048	BGC0000871	Myxococcus	VEPE	Other	Unknown	NCCOP([O-])(OCC(OC(CCCCCCCCCCCC(C)C)=O)CO/C=C\\CCCCCCCCCCC(C)C)=O	0	0	0	0	646.48171375791
1050	BGC0001808	Streptomyces	toyocamycin	Other	unk	NC1=NC=NC2=C1C(=CN2[C@@H]1O[C@H](CO)[C@@H](O)[C@H]1O)C#N	1	0	0	0	291.09675389600005
1051	BGC0001394	Myxococcus	phenalamide	NRP	unk	CC(CO)NC(=O)C(\C)=C\C=C\C=C\C=C\C(\C)=C\C(C)C(O)C(\C)=C\C(C)CCC1=CC=CC=C1	0	0	0	0	491.3399443
1053	BGC0001662	Kitasatospora	mediomycin A	Polyketide	unk	CC(\C=C\CC\C=C\C=C\C=C(/C)C(O)=O)[C@@H](O)[C@H](C)[C@@H](O)\C=C\C=C\C=C\C=C\C=C\C=C\CC(OS(O)(=O)=O)C(C)C(=O)C[C@H](O)C[C@H](O)\C=C\C[C@H](O)C[C@H](O)C[C@@H](O)\C=C\C[C@H](O)C[C@@H](O)\C=C\C[C@H](O)C[C@H](O)CCCN	1	0	0	0	1175.6426362640002
1056	BGC0000993	Chromobacterium	FK228	NRP	Antifungal,Cytotoxic,Inhibitor	CC=C1C(=O)NC(C(=O)OC2CC(=O)NC(C(=O)NC(CSSCCC=C2)C(=O)N1)C(C)C)C(C)C	0	0	1	0	540.207626872
1057	BGC0001079	Streptomyces	Napyradiomycin A80915C	Polyketide	Antibacterial	O=C1C2(Cl)C(OC(C)(C)C(Cl)C2)(CC3C(C)(C)C(Cl)CCC3(O)C)C(C4=CC(O)=C(C)C(O)=C41)=O	1	1	0	0	546.1342718159999
1076	BGC0001051	Sorangium	Thuggacin A	NRP	Antibacterial	[C@@H]1(O)C=CC=CC[C@H](OC(=O)C(CCCCCC)=CC2N=C(SC=2)[C@H](C)[C@@H](O)C1)[C@H]([C@H](O)C(C(O)/C(=C/C(=C/C)/C)/C)C)O	0	1	0	0	631.3542740359999
1095	BGC0000180	Legionella	Legioliulin	Polyketide	Other	Oc3cccc2C=C(\\C=C\\C=C\\c1ccccc1)OC(=O)c23	0	0	0	0	290.094294308
1099	BGC0001521	Herpetosiphon	auriculamide	NRP	unk	CC[C@H](C)[C@H](O)C(=O)N[C@@H](CC1=CC(Cl)=C(O)C=C1)C(=O)CC	1	0	0	0	341.13938592799997
1102	BGC0000934	Kitasatospora	5-Acetyl-5,10-dihydrophenazine-1-carboxylic acid	Other	Antibacterial	CC(C1=C2C(N(C(C)=O)C(C=CC=C3)=C3N2)=CC=C1)=O	1	1	0	0	266.105527688
1104	BGC0000529	Microbispora	microbisporicin A2	Lantipeptide	Antibacterial	O=C(N[C@H](C(NC(C(N[C@H](C(N[C@H](C(N[C@H]([C@H](C)SC[C@@H](C(N[C@H]([C@H](O)C)C(N[C@@H](C(N1[C@H]2[C@@H](O)CC1)=O)CSC[C@H](NC([C@H](CC(N)=O)NC([C@H](NC(CNC(CNC(CNC2=O)=O)=O)=O)CSC[C@@H](C(N/C=C\\SC3)=O)NC4=O)=O)=O)C(N[C@@H]3C(N[C@@H]4CC5=CC=CC=C5)=O)=O)=O)=O)NC6=O)C(N7[C@H](C(NC6)=O)CCC7)=O)=O)CSC8)=O)CC(C)C)=O)=C)=O)CC9=CNC%10=C9C=C(Cl)C=C%10)[C@@H]8NC(/C(NC([C@H](C(C)C)N)=O)=C/C)=O	1	1	0	0	2230.7706908639984
1105	BGC0001525	Synechocystis	bartoloside 2	Other	unk	CCCCCCCCCC(Cl)CCCCCc2cc(OC1O[C@H](C)[C@@H](O)[C@H](O)[C@@H]1O)c(CCCCCC(Cl)CCCCCC)c(O)c2C3OC[C@H](O)[C@@H](O)[C@@H]3O	0	0	0	0	834.481553992
1108	BGC0000219	Streptomyces	elloramycin	Polyketide	Cytotoxic	C[C@H]1[C@H]([C@@H]([C@H](O[C@@H]1OC2=CC3=CC4=C(C(=C3C(=C2C(=O)OC)C)O)C(=O)[C@@]5(C(=O)C=C([C@H]([C@@]5(C4=O)O)O)OC)OC)OC)OC)OC	1	0	0	0	660.2054204519999
1109	BGC0000031	Streptomyces	Borrelidin	Polyketide	Antibacterial,Cytotoxic	C[C@H]1C[C@H](C[C@@H]([C@H](/C(=C\\C=C\\C[C@H](OC(=O)C[C@@H]([C@H](C1)C)O)[C@@H]2CCC[C@H]2C(=O)O)/C#N)O)C)C	1	1	0	0	489.30903809599994
1110	BGC0000200	uncultured	Arixanthomycin A	Polyketide	Cytotoxic	O=C(C1=CC=CC(O[C@H]2[C@H](OC)[C@@H](OC)[C@H](OC)[C@@H](C)O2)=C1O3)C4=C3C(O)=C(CCC5=C6C(O)=C7C(C[C@@](C)(OC[C@]8([H])C(O)=O)N8C7=O)=C5)C6=C4O	3	0	0	0	719.2214048640001
1114	BGC0001827	Sarocladium	xenovulene	Polyketide	unk	[H][C@]12CO[C@]3([H])[C@@]1([H])C(O[C@]1(C)C\C=C\C(C)(C)C\C=C(C)\CC[C@@]31[H])=C(O)C2=O	2	0	0	0	358.21440943999994
1116	BGC0001328	Micromonospora	Rakicidin A	NRP	Cytotoxic	CN(CC(N[C@@H]([C@@H](C(N)=O)O)C(OC([C@H](C)CCCCCCCCCCCC(C)C)[C@H](C)C(N1)=O)=O)=O)C(/C=C/C1=C)=O	1	0	0	0	606.399250068
1119	BGC0001747	Tannerella	pseudaminic acid	Other	unk	C[C@@H]([C@@H]([C@H]1[C@H]([C@H](C[C@](O1)(C(=O)[O-])O)O)NC(=O)C)NC(=O)C)O	0	0	0	0	333.13033921191
1122	BGC0001561	Streptomyces	curacomycin	NRP	unk	CC[C@H](C)[C@@H]3NC(=O)[C@@H](CC(C)C)NC(=O)[C@@H](C(C)C)NC(=O)[C@H](Cc1c[nH]c2ccc(Cl)cc12)NC(=O)C(C(O)C(N)=O)NC(=O)[C@H](CCCN)NC3=O	1	0	0	0	789.394037432
1123	BGC0001581	Streptomyces	ECO-02301	Polyketide	unk	CC1C(C(C(C(O1)OC(C/C=C/C=C/C=C/C=C/C=C/C(C(C)C(C(C)/C=C/CC/C=C/C=C/C=C/C=C/C(=O)NC2=C(CCC2=O)O)O)O)C(C)C(=O)CC(CC(CC(/C=C/CC(CC(CC(CC(/C=C/CC(CC(CCC[NH3+])O)O)O)O)O)O)O)O)O)O)O)O	1	0	0	0	1297.7568203080893
1125	BGC0001604	Fusarium	gibberellin	Terpene	unk	CC12[C@H](C=C[C@@]3([C@@H]1[C@@H]([C@]45[C@H]3CC[C@](C4)(C(=C)C5)O)C(=O)O)OC2=O)O	2	0	0	0	346.1416384239999
1128	BGC0000044	Stigmatella	Dawenol	Polyketide	Unknown	C(/C)=C/C(/C)=C/C=C/C(/C)=C/C=C/C(/C)=C/C(/C)=C/C(C)C(O)C(C)C(OC(C)=O)C	0	0	0	0	426.3133952039999
1137	BGC0001774	Streptomyces	septacidin	Other	unk	CC(C)CCCCCCCCCCCCC(=O)NCC(=O)NC1C(C(C(OC1C(CO)O)NC2=NC=NC3=C2NC=N3)O)O	1	0	0	0	621.3849969720001
1138	BGC0001019	Sorangium	Microsclerodermin M	NRP	Antifungal	O=C([C@@H](O)[C@H](NC(C[C@@H](O)CNC(CNC([C@@H](CC1=CNC2=C1C=CC=C2)NC(CN(C(C3)=O)C)=O)=O)=O)=O)[C@H](O)[C@@H](O)C/C=C/C=C/C=C/C4=CC=CC=C4)N[C@H](C5)[C@@]3(O)NC5=O	0	0	1	0	886.386119168
1139	BGC0001179	Streptomyces	Rishirilide B 	Polyketide	Inhibitor	CC1C(=O)c2cc3cccc(c3cc2C(C1(C(=O)O)O)(CCC(C)C)O)O	1	0	0	0	372.15728848799995
1140	BGC0001725	Bacillus	oxetanocin A	Other	unk	C1=NC2=C(C(=N1)N)N=CN2[C@H]3[C@@H]([C@H](O3)CO)CO	1	0	0	0	251.101839276
1145	BGC0001538	Streptomyces	caboxamycin	NRP	unk	OC(=O)C1=CC=CC2=C1N=C(O2)C1=C(O)C=CC=C1	1	0	0	0	255.053157768
1153	BGC0001329	Streptomyces	Rakicidin D	NRP	Unknown	CN(CC(N[C@@H]([C@@H](C(N)=O)O)C(OC([C@H](C)CCCCCC)[C@H](C)C(N1)=O)=O)=O)C(/C=C/C1=C)=O	1	0	0	0	494.2740495559999
1154	BGC0001028	Nostoc	nostopeptolide A	NRP	Unknown	CCCC(=O)N[C@@H](C(C)C)C(=O)N[C@H]1COC(=O)[C@@H]2CCCN2C(=O)[C@@H](NC(=O)[C@@H](NC(=O)CNC(=O)[C@@H](NC(=O)CC(=O)[C@@H](NC(=O)[C@@H]3C[C@@H](CN3C1=O)C)CC(C)C)CC(C)C)CC(=O)N)CC4=CC=C(C=C4)O	0	0	0	0	1066.569897176
1155	BGC0001046	Streptomyces	Streptolydigin	NRP	Antibacterial	C[C@H]1[C@@H]2C=C[C@]3(CO3)[C@@](O2)(O[C@H]1[C@H](C)/C=C(\\C)/C=C/C(=O)C4=C(N([C@H](C4=O)[C@H](C)C(=O)NC)[C@@H]5CC[C@@H]([C@@H](O5)C)O)O)C	1	1	0	0	600.304680988
1157	BGC0001138	Marinactinospora	a201a	Other	Antibacterial	CN(C)C1=C2C(N([C@H]3[C@H](O)[C@H](NC(/C(C)=C/C4=CC=C(O[C@@H]([C@@H](O)[C@H]/5O)OC5=C(CO[C@@H]6[C@@H](O)[C@@H](OC)[C@H](OC)[C@@H](C)O6)/OC)C=C4)=O)[C@@H](CO)O3)C=N2)=NC=N1	1	1	0	0	802.33850028
1161	BGC0001084	Aspergillus	notoamide A	NRP	Cytotoxic,Inhibitor	CC1(C=CC2=C(O1)C=CC3=C2N(C(=O)[C@@]34C[C@]56[C@H](C4(C)C)C[C@@]7(CCCN7C5=O)C(=O)N6)O)C	2	0	0	0	463.210721028
1163	BGC0001376	Streptosporangium	hexaricin A	Polyketide	unk	COC1=C2[C@H](O)CC3=C(C(O)=C4C(=O)O[C@H](C)CC4=C3)C2=C(O)C2=C1C(=O)C1=C(O)C=CC=C1C2=O	1	0	0	0	488.11073221999993
1167	BGC0001695	Streptomyces	neoantimycin	NRP	unk	[H][C@]1(OC(=O)C(C)(C)[C@@H](O)[C@@H](CC2=CC=CC=C2)OC(=O)[C@@H](OC(=O)[C@@H](NC(=O)C2=C(O)C(NC=O)=CC=C2)[C@H](C)OC1=O)C(C)C)[C@@H](C)CC	1	0	0	0	698.305074912
1174	BGC0000072	Pyxidicoccus	gulmirecin A	Polyketide	Antibacterial	C/C([C@@H](O[C@H]1O[C@H](CO)[C@@H](O)[C@@H]1O)[C@H](OC(CC(C)C)=O)C(C[C@@H](O)[C@@H]2C)=O)=C\\C[C@H](/C(C)=C\\C)OC2=O	0	1	0	0	542.2727121639999
1178	BGC0001707	Streptomyces	nosiheptide	Other	unk	C/C=C\1/C2=NC(=CS2)C(=O)NC3CC(C(=O)OCC4=C5C(=C(C(=O)SCC(C6=NC(=CS6)C7=N/C(=C\8/NC(=CS8)C(=O)NC(=C)C(=O)N)/C(=O)C=C7C9=NC(=CS9)C(=O)NC(C(=O)N1)C(C)O)NC(=O)C1=CSC3=N1)NC5=CC=C4)C)O	1	0	0	0	1221.1478398159998
1186	BGC0001609	Trichoderma	gliovirin	NRP	unk	[H][C@@]12O[C@@]11C[C@@]34SSC(C5=CC=C(OC)C(OC)=C5O)[C@@]([H])(NC3=O)C(=O)N4O[C@@]1([H])[C@H](O)C=C2	2	0	0	0	480.06610759999995
1189	BGC0001828	Streptomyces	zincophorin	Polyketide	unk	CCCC(C)/C=C(\C)/C(C(C)/C=C/CCC(C(C)C(C(C)C(C(C)C1C(CCC(O1)C(C)C(=O)O)C)O)O)O)O	1	0	0	0	568.4339042599998
1196	BGC0001523	Streptomyces	azalomycin F	Polyketide	unk	CC1CCC(C(C(CC(C(/C=C/C=C(/C(=O)OC(C(/C=C/C=C(/C(CC(CC(CC(CC2CC(C(C(O2)(CC1O)O)O)O)OC(=O)CC(=O)O)O)O)O)\C)C)C(C)CCC/C=C/CCCN=C(N)N)\C)C)O)O)C)O	1	0	0	0	1067.6504985160002
1197	BGC0001337	uncultured	lazarimide A	Alkaloid	Cytotoxic	O=C1[C@@]2(O)N3C(C4=C([C@@]2(O)C(N1C)=O)C5=CC(Cl)=CC=C5N4)=C(OC)C6=CC(O)=C(Cl)C=C63	3	0	0	0	487.03379056
1202	BGC0001792	Streptomyces	surugamide A	NRP	unk	CC[C@H](C)[C@@H]1NC(=O)[C@@H](CC(C)C)NC(=O)[C@@H](CC2=CC=CC=C2)NC(=O)[C@@H](NC(=O)[C@H](CCCCN)NC(=O)[C@H](NC(=O)[C@@H](NC(=O)[C@@H](C)NC1=O)[C@@H](C)CC)[C@H](C)CC)[C@@H](C)CC	1	0	0	0	911.6208105520001
1207	BGC0001432	Stigmatella	Myxochromide D	NRP	Unknown	C1(=O)N[C@@H](CC(C)C)C(=O)N[C@@H](C)C(=O)N[C@@H](CCC(=O)N)C(=O)O[C@H](C)[C@H](N(C)C(=O)/C=C/C=C/C=C/C=C/C=C/C=C/C=C/C)C(=O)N[C@@H]1C	0	0	0	0	722.400312688
1208	BGC0001628	Kibdelosporangium	JBIR-78	NRP	unk	CC(C)[C@H](O)[C@@H](NC(=O)[C@H](C)NC(=O)[C@@H](CC(O)=O)NC(=O)[C@@H](NC(=O)CC1=CC=CC=C1)C(C)C)C(=O)NCC(=O)N[C@H](C)C(=O)N[C@@H](CC1=CC=CC=C1)C(O)=O	1	0	0	0	825.3908702
1213	BGC0001797	Streptomyces	telomestatin	Other	unk	CC1=C2N=C(O1)C1CSC(=N1)C1=COC(=N1)C1=COC(=N1)C1=COC(=N1)C1=COC(=N1)C1=COC(=N1)C1=C(C)OC2=N1	1	0	0	0	582.070615788
1215	BGC0000832	Streptomyces	clorobiocin	Saccharide	Antibacterial	ClC1=C(C([H])=C([H])C(C(O[H])=C2N([H])C(C(C([H])=C3[H])=C([H])C(C([H])([H])/C([H])=C(C([H])([H])[H])/C([H])([H])[H])=C3O[H])=O)=C1OC2=O)O[C@]4([H])OC(C([H])([H])[H])(C([H])([H])[H])[C@]([C@@]([C@@]4([H])O[H])([H])OC(C5=C([H])C([H])=C(C([H])([H])[H])N5[H])=O)([H])OC([H])([H])[H]	1	1	0	0	696.2085876839999
1216	BGC0000149	Sorangium	Spirangien A1	Polyketide	Cytotoxic	O1[C@@]([C@@H](C)[C@@H](O)[C@@H](C)/C=C\C=C\C=C/C=C/C=C\[C@@H](OC)CC(O)=O)([H])[C@@H](C)C[C@H](O)[C@]21O[C@@]([H])([C@H](C)[C@H](OC)C2)[C@H](C)[C@@H](O)[C@@H](C)C/C(/C)=C/C	0	0	0	0	702.4706836919999
1218	BGC0000891	Pseudoalteromonas	pentabromopseudilin	Other	Antibacterial,Cytotoxic,Inhibitor	C1=C(C=C(C(=C1Br)O)C2=C(C(=C(N2)Br)Br)Br)Br	0	1	0	0	548.620974248
1223	BGC0001011	Streptomyces	meridamycin	NRP	unk	CC\C1=C/C[C@H](OC(=O)C2CCCCN2C(=O)C(=O)[C@]2(O)O[C@@H](CC[C@H]2C)C[C@H](O)[C@H](C)[C@@H](O)C[C@@H](O)C[C@H](O)\C(C)=C/[C@@H](C)CC(C)[C@@H]1O)C(\C)=C\[C@@H](C)[C@@H](C)O	1	0	0	0	821.5289268399999
1224	BGC0001799	Papaver	thebaine	Alkaloid	unk	CN1CC[C@]23[C@@H]4C(=CC=C2[C@H]1CC5=C3C(=C(C=C5)OC)O4)OC	3	0	0	0	311.15214353199997
1228	BGC0001488	Pseudomonas	4-formylaminooxyvinylglycine	Other	unk	N[C@@H](\C=C\ONC=O)C(O)=O	0	0	0	0	160.048406736
1229	BGC0001734	Aspergillus	penilumamide	Other	unk	COC(=O)C1=CC=CC=C1NC(=O)[C@H](CCS(C)=O)NC(=O)C1=NC2=C(N=C1)N(C)C(=O)N(C)C2=O	2	0	0	0	516.142718108
1231	BGC0001729	Penicillium	paraherquonin	Polyketide	unk	[H][C@]12OC(=O)[C@]3(C)C[C@@]4([H])[C@H](C)C5=CC(=O)OC(C)(C)C5=C[C@]5([H])OC([C@H](C)O1)=C([C@]45C)[C@]23O	2	0	0	0	428.1835032359999
1233	BGC0001501	Fischerella	ambiguine	Alkaloid	unk	C[C@@]1(CC[C@@]2(O)C3=C1C=CC(C)(C)C1=C3C3=C(N1)C=CC=C3C2(C)C)C=C	0	0	0	0	359.224914548
1234	BGC0001132	Xenorhabdus	Xenotetrapeptide	NRP	Unknown	CC(C)[C@H]1NC(=O)[C@@H](NC(=O)[C@H](NC(=O)[C@@H](NC1=O)C(C)C)C(C)C)CC(C)C	0	0	0	0	410.289305696
1236	BGC0001790	Pseudomonas	sulfazecin	NRP	unk	C[C@H](C(=O)N[C@]1(CN(C1=O)S(=O)(=O)O)OC)NC(=O)CC[C@H](C(=O)O)N	0	0	0	0	396.09509921999995
1237	BGC0001632	Microcystis	kawaguchipeptin A	Other	unk	C[C@H]([C@H]1C(=O)N2CCC[C@H]2C(=O)N3[C@@H](C[C@@]4([C@H]3NC5=CC=CC=C54)CC=C(C)C)C(=O)N[C@H](C(=O)N[C@H](C(=O)NCC(=O)N[C@H](C(=O)N[C@H](C(=O)N[C@H](C(=O)N6[C@@H](C[C@@]7([C@H]6NC8=CC=CC=C87)CC=C(C)C)C(=O)N[C@H](C(=O)N1)CO)CC(=O)N)CC(=O)N)CC(=O)O)CC(=O)N)CC(C)C)O	0	0	0	0	1420.6775501039995
1238	BGC0001558	Streptomyces	cosmomycin C	Polyketide	unk	CC[C@@]1(O)C[C@H](O[C@H]2C[C@@H]([C@H](O[C@H]3C[C@H](O)[C@H](O[C@H]4CC[C@H](O)[C@H](C)O4)[C@H](C)O3)[C@H](C)O2)N(C)C)C2=C(O)C3=C(C(O)=C2[C@H]1O[C@H]1C[C@@H]([C@H](O[C@H]2CC[C@H](O[C@H]4CC[C@H](O)[C@H](C)O4)[C@H](C)O2)[C@H](C)O1)N(C)C)C(=O)C1=C(C(O)=CC=C1)C3=O	1	0	0	0	1172.587957836
1241	BGC0001578	Talaromyces	duclauxin	Polyketide	unk	CC1=CC(=C2C3=C1C(=O)C4[C@@H]([C@@]3(COC2=O)[C@@H]5[C@]4(C6=C7C(=COC(=O)C7=C(C=C6C)O)C5=O)OC)OC(=O)C)O	2	0	0	0	546.1162115239998
1244	BGC0000330	Ralstonia	cupriachelin	NRP	Antibacterial,Siderophore	CCCCCCCCCC(N[C@@H]([C@H](O)C(O)=O)C(N[C@H](C(N[C@@H]([C@H](O)C(O)=O)C(NCC(N[C@@H](CCCN(O)C(C[C@@H](O)C)=O)C(O)=O)=O)=O)=O)CCN)=O)=O	0	1	0	1	807.3861787440003
1245	BGC0001820	Gliocladium	verticillin	NRP	unk	C[C@]12C(=O)N3[C@@H]4[C@@](C[C@@]3(C(=O)N1C)SS2)(C5=CC=CC=C5N4)C67[C@@H]([C@]89C(=O)N([C@](C(=O)N8[C@H]6NC1=CC=CC=C71)(SS9)C)C)O	2	0	0	0	680.1004019960001
1252	BGC0001818	Streptomyces	vazabitide A	NRP	unk	CC(C)[C@H](N)C(=O)NC(C1CC(O)C2CN12)C(O)=O	1	0	0	0	271.153206152
1255	BGC0001146	Streptomyces	cyclothiazomycin C	Thiopeptide	Antibacterial	O=C([C@H]1CSC(C2=CSC(C3=CSC(C(NC([C@@H]4CSC(C5=CSC(C6=CC=C(C(N[C@@H](CC(N)=O)C7=N[C@H](C(N/C8=C\\C)=O)CS7)=O)C([C@H](NC9=O)C)=N6)=N5)=N4)=O)=C)=N3)=N2)=N1)N[C@H](C(O)=O)CS[C@@](C)(C(N[C@@H](CCCCN)C(NCC(NC(C(N%10[C@H]9CCC%10)=O)=C)=O)=O)=O)NC8=O	1	1	0	0	1485.3210702039994
1267	BGC0001355	Streptomyces	U-68204	NRP	unk	CC[C@@]1(SC(=O)C(CC(N)=O)=C1O)\C=C(/C)C=C	1	0	0	0	267.092914404
1268	BGC0001672	[Flexibacter]	monobactam	NRP	unk	C[C@H]1[C@@H](C(=O)N1S(=O)(=O)[O-])NC(=O)/C(=N\OC(C)(C)C(=O)O)/C2=CSC(=N2)[NH3+]	0	0	0	0	435.051854504
1270	BGC0001517	Aspergillus	asperphenamate	NRP	unk	C1=CC=C(C=C1)C[C@@H](COC(=O)[C@H](CC2=CC=CC=C2)NC(=O)C3=CC=CC=C3)NC(=O)C4=CC=CC=C4	2	0	0	0	506.22055744
1276	BGC0001677	Penicillium	mycophenolic acid	Polyketide	unk	COC1=C(C\C=C(/C)CCC(O)=O)C(O)=C2C(=O)OCC2=C1C	2	0	0	0	320.12598836
1278	BGC0001704	Nodularia	nocuolin A	Other	unk	CCCCC/C1=N/N(C(=O)CCO)OC(CCCCC)C1	0	0	0	0	298.22564282
1285	BGC0000297	Planktothrix	Aeruginoside 126B	NRP	Unknown	O=C([C@@H](CC(C)C)NC([C@@H](CC1=CC=CC=C1)O)=O)N2[C@H]3C[C@H](OC4OCC(O)C(O)C4O)CC[C@H]3C[C@H]2C(NCCCCNC(N)=N)=O	0	0	0	0	690.3952273079999
1286	BGC0000424	Herbaspirillum	Serobactin C	NRP	Siderophore	O=C(NC(C(O)C(O)=O)C(NC(CO)C(NC(C(O)C(O)=O)C(NC(C(C)O)C(NC(CO)C(NC1CCCN(O)C1=O)=O)=O)=O)=O)=O)CCCCCCCCCCCCC	0	0	0	1	877.4280435560001
1287	BGC0001830	Salinispora	rosamicin	Polyketide	unk	CCC1OC(=O)CC(O)C(C)C(O[C@@H]2O[C@H](C)C[C@@H]([C@H]2O)N(C)C)C(CC=O)CC(C)C(=O)\C=C\C2(C)OC2C1C	1	0	0	0	581.3563822119999
1294	BGC0001711	Burkholderia	occidiofungin	NRP	unk	CCCCOC1CNC(=O)[C@H](CC(N)=O)NC(=O)[C@H](CO)NC(=O)[C@H](CC(N)=O)NC(=O)CNC(=O)[C@H](CCCCN)NC(=O)[C@@H](NC(=O)[C@H](CC2=CNC3=C2C=CC=C3)NC(=O)CC(C1)OC1OC[C@@H](O)[C@H](O)[C@H]1O)C(O)C1=CC=C(O)C=C1	0	0	0	0	1198.5506182759998
1304	BGC0001366	Streptomyces	BE-24566B	Polyketide	unk	CC1=CC(O)=CC2=C1[C@@H]1O[C@@](C)(CC3=C1C(O)=C1C(=O)C4=C(C=C(O)C=C4O)C(C)(C)C1=C3)O2	1	0	0	0	460.1522031079999
1306	BGC0000391	Marinactinospora	methylpendolmycin	NRP	Cytotoxic,Signalling	CC[C@H](C)[C@H]1C(=O)N[C@@H](CC2=CNC3=C(C=CC(=C23)N1C)C(C)(C)C=C)CO	1	0	0	0	383.257277296
1310	BGC0000285	Saccharopolyspora	Flaviolin rhamnoside	Polyketide	Unknown	O=C1C=C(O)C(C2=CC(O[C@H]3O[C@H](C)[C@@H](O)[C@H](O)[C@@H]3O)=CC(O)=C21)=O	1	0	0	0	352.07943209199993
1319	BGC0001595	Fischerella	fischerindole	Alkaloid	unk	[C]=NC1C2c3c([nH]c4ccccc34)C(C)(C)C2CC(Cl)C1(C)C=C	0	0	0	0	338.154976416
1337	BGC0001379	Streptomyces	BD-12	NRP	unk	[H][C@]12N\C(N[C@]1([H])C(=O)N(C)CC2O)=N/[C@@H]1OC(CO)[C@H](OC(N)=O)[C@H](O)C1N(C)C(=O)CNC=N	1	0	0	0	486.21865992
1340	BGC0001565	Beauveria	cyclosporin C	NRP	unk	C/C=C/C[C@@H](C)[C@H]([C@H]1C(=O)N[C@H](C(=O)N(CC(=O)N([C@H](C(=O)N[C@H](C(=O)N([C@H](C(=O)N[C@H](C(=O)N[C@@H](C(=O)N([C@H](C(=O)N([C@H](C(=O)N([C@H](C(=O)N1C)C(C)C)C)CC(C)C)C)CC(C)C)C)C)C)CC(C)C)C)C(C)C)CC(C)C)C)C)[C@@H](C)O)O	2	0	0	0	1217.8362826119999
1345	BGC0001182	Chaetomium	chaetoglobosins	NRP	Cytotoxic	CC[C@H]1[C@H]2[C@@H](NC(=O)[C@@]23[C@@H](/C=C/C[C@@H](/C=C(\\[C@H](C(=O)/C=C/C3=O)O)/C)C)[C@H]4[C@@]1(O4)C)[C@@H](C)C5=CNC6=CC=CC=C65	2	0	0	0	556.29372238
1351	BGC0001111	Stigmatella	Rhizopodin	NRP	Cytotoxic	[H]C(=O)N(C)/C=C/CC(OC)C(C(=O)CCC(C(OC)CC1OC(CC(O)CC(C=CC=CCC(OC)C2N=C(CC(O)C(C(OC(=O)CC(O)CC(C=CC=CCC(C3N=C(OC=3)CC(O)C1(C)C)OC)OC)CC(OC)C(CCC(=O)C(C)C(OC)C/C=C/N(C)C(=O)[H])C)(C)C)OC=2)OC)=O)C)C	0	0	0	0	1468.8707216079997
1354	BGC0000186	Burkholderia	thailandamide A	NRP	Unknown	OC([C@H](C)[C@H](OC)/C(C)=C/C=C/C=C(C)/C=C/C[C@H](O)CC(/C=C/C=C(C)/C=C/[C@@H](C)NC([C@H](C)C/C=C/C[C@@H](O)CC1=CC=C(O)C=C1)=O)=O)=O	0	0	0	0	717.424067848
1358	BGC0000036	Streptomyces	chlorothricin	Polyketide	Antibacterial	C[C@@H](C(C(O)=O)=C1)C[C@@]2(C(O)=C(O3)C(O2)=O)[C@@H]1C=CCCCC[C@@H]4C=C[C@@]([C@@H](O[C@@H]5C[C@H](O)[C@@H](O[C@H]6O[C@@H](C)[C@H](O)[C@@H](OC(C7=C(C)C(Cl)=CC=C7OC)=O)C6)[C@@H](C)O5)CCC8)([H])[C@]8([H])[C@@H]4C3=O	1	1	0	0	940.3648135520001
1359	BGC0001607	Streptomyces	gilvusmycin	Other	unk	CC1=CNC2=C1C34CC3CN(C4=CC2=O)C(=O)C5=CC6=C7CCN(C7=C(C(=C6N5)OC)O)C(=O)C8=CC9=C1CCN(C1=C(C(=C9N8)OC)O)C(=O)C	1	0	0	0	702.2438120480001
1364	BGC0001071	Nostoc	nosperin	Polyketide	Unknown	C[C@@H]1[C@H](C)C(C[C@@]([C@H](O)C(N/C=C/C(CO)[C@@H](O)C(C)C(N2CCC[C@H]2[C@H](O)CC(N)=O)=O)=O)(OC)O1)=C	0	0	0	0	541.2999299559999
1370	BGC0000023	Stigmatella	Aurafuron A	Polyketide	Antifungal,Cytotoxic	C(C)(C)C/C=C(\C)/C(O)C(C)/C=C/C=C\C(O)CC1OC(O)(C)C(=O)C=1C	0	0	1	0	378.2406241879999
1371	BGC0000559	Bacillus	Subtilin	Lantipeptide	Antibacterial,Signalling	NC(CC1=CNC2=C1C=CC=C2)C(NC(CCCCN)C(NC(CSCC(C(NC(C5C)C(N4C(C(NC([H])C(NC(CS5)C(NC(C(C)C)C(NC(C6C)C(NC([H])C(NC(C)C(NC(CC(C)C)C(NC(CCC(N)=O)C(NC(C(NC(CS6)C(NC(CC7=CC=CC=C7)C(NC(CC(C)C)C(NC(CCC(N)=O)C(NC(C8C)C(NC(CC(C)C)C(NC(C9C)C(NC(CS8)C(NC(CC(N)=O)C(NC(CS9)C(NC(CCCCN)C(NC(C(CC)C)C(NC(C(NC(CCCCN)C(O)=O)=O)=C)=O)=O)=O)=O)=O)=O)=O)=O)=O)=O)=O)=O)=O)=CC)=O)=O)=O)=O)=O)=O)=O)=O)=O)CCC4)=O)=O)NC3=O)C(NC(CCC(O)=O)C(NC(C(NC3CC(C)C)=O)=C)=O)=O)=O)=O	1	1	0	0	3318.5632788240055
1385	BGC0001742	Candidatus	piericidin A1	Polyketide	unk	OC1=C(C)C(C/C=C(C)/C/C=C/C(C)=C/[C@@H](C)[C@H](/C(C)=C/C)O)=NC(OC)=C1OC	0	0	0	0	415.272258664
1392	BGC0001592	Streptomyces	ferroverdin	Other	unk	C=CC1=CC=C(C=C1)OC(=O)C2=CC(=C(C=C2)[O-])N=O.C=CC1=CC=C(C=C1)OC(=O)C2=CC(=C(C=C2)[O-])N=O.C=CC1=CC=C(C=C1)OC(=O)C2=CC(=C(C=C2)[O-])N=O.[Na+].[Fe+2]	1	0	0	0	883.1076551800002
1393	BGC0001508	Penicillium	andrastin A	Polyketide	unk	CC1C(=O)[C@@]2(C(=C[C@@H]3[C@@]([C@@]2(C1=O)C(=O)OC)(CC[C@H]4[C@]3(CC[C@@H](C4(C)C)OC(=O)C)C=O)C)C)C	2	0	0	0	486.2617535559999
1394	BGC0001705	Nostoc	nodularin	NRP	unk	C/C=C\1/C(=O)N[C@H]([C@H](C(=O)N[C@@H](C(=O)N[C@@H]([C@@H](C(=O)N[C@H](CCC(=O)N1C)C(=O)O)C)/C=C/C(=C/[C@H](C)[C@H](CC2=CC=CC=C2)OC)/C)CCCN=C(N)N)C)C(=O)O	0	0	0	0	824.4432401199999
1402	BGC0001802	Streptomyces	thioholgamide A	Other	unk	C(C(C)=O)(NC(C(C)C)C(NC(CCSC)C(NC(C(NC(C(NC(C(NC(C(NC1C(=O)NC(C(NC(C)C(=O)NC(CC2C=CC=CC=2)C(NC(C(O)C2N(C)C=[N+](C)C=2)C(=O)NC=CSC1C)=O)=O)C(C)C)=O)C)=S)C)=S)C)=O)C)=S)=S)=O	1	0	0	0	1305.48918734009
1407	BGC0001630	uncultured	kasumigamide	NRP	unk	NC(=N)NCCC[C@@H](NC(=O)C[C@H](O)[C@@H](CC1=CNC2=CC=CC=C12)NC(=O)CCNC(=O)[C@H](O)CC1=CC=CC=C1)C(=O)N[C@H]([C@H](O)C1=CC=CC=C1)C(O)=O	3	0	0	0	786.3700751800002
1408	BGC0000973	Streptomyces	collismycin A	NRP	Other	COC1=C(/C(=C\\N=O)/NC(=C1)C2=CC=CC=N2)SC	1	0	0	0	275.072847656
1409	BGC0000915	Streptomyces	mitomycin	Other	Cytotoxic	CC1=C(C(=O)C2=C(C1=O)N3C[C@H]4[C@@H]([C@@]3([C@@H]2COC(=O)N)OC)N4)N	1	0	0	0	334.127719676
1416	BGC0000184	Sorangium	Sorangicin A	Polyketide	Antibacterial	C1C=C[C@@H]2[C@H]3O[C@@H](C=CCC4C(C)[C@@H](O)C[C@H]([C@@H](O)[C@H](C=CCCC=CC[C@@H]5O[C@@H](/C(/C)=C/C(C)CCCCC(=O)O)C(C=C5)OC(=O)C=CC=1)O)O4)C(C)C(C3)O2	0	1	0	0	806.4605129320001
1419	BGC0001511	Actinosynnema	ansamitocin P-3	Polyketide	unk	C[C@@H]1[C@@H]2C[C@]([C@@H](/C=C/C=C(/CC3=CC(=C(C(=C3)OC)Cl)N(C(=O)C[C@@H]([C@]4([C@H]1O4)C)OC(=O)C(C)C)C)\C)OC)(NC(=O)O2)O	1	0	0	0	634.2657086359999
1420	BGC0000511	Bacillus	Ericin S	Lantipeptide	Antibacterial,Signalling	NC(CC1=CNC2=C1C=CC=C2)C(NC(CCCCN)C(NC(CSCC(C(NC(C5C)C(N4C(C(NC([H])C(NC(CS5)C(NC(C(C)C)C(NC(C6C)C(NC([H])C(NC(C(C)C)C(NC(CC(C)C)C(NC(CCC(N)=O)C(NC(C(NC(CS6)C(NC(CC7=CC=CC=C7)C(NC(CC(C)C)C(NC(CCC(N)=O)C(NC(C8C)C(NC(C(CC)C)C(NC(C9C)C(NC(CS8)C(NC(CC(N)=O)C(NC(CS9)C(NC(CC%10=CNC=N%10)C(NC(C(CC)C)C(NC(C(NC(CCCCN)C(O)=O)=O)=C)=O)=O)=O)=O)=O)=O)=O)=O)=O)=O)=O)=O)=O)=CC)=O)=O)=O)=O)=O)=O)=O)=O)=O)CCC4)=O)=O)NC3=O)C(NC(CCC(O)=O)C(NC(C(NC3C(C)C)=O)=C)=O)=O)=O)=O	1	1	0	0	3341.5428777280054
1426	BGC0000227	Streptomyces	granaticin	Polyketide	Antibacterial	C[C@@H]1[C@]2(c3c(c(c4c(c3O)C(=O)C5=C(C4=O)[C@H]6[C@H](CC(=O)O6)OC5C)O)[C@@H](O1)C[C@H]2O)O	1	1	0	0	444.10564683999985
1429	BGC0001735	Streptomyces	pentostatine	Other	unk	C1[C@@H]([C@H](O[C@H]1N2C=NC3=C2NC=NC[C@H]3O)CO)O	1	0	0	0	268.117154992
1434	BGC0001484	Actinomadura	2'-chloropentostatin	Other	unk	C1[C@H](C2=C(NC=N1)N(C=N2)[C@H]3[C@@H]([C@@H]([C@H](O3)CO)O)Cl)O // C1=NC2=C(C(=N1)N)N=CN2[C@H]3[C@@H]([C@@H]([C@H](O3)CO)O)N	1	0	0	0	302.07818264
1437	BGC0001336	uncultured	erdasporine A	Alkaloid	Cytotoxic	O=C1C2=C(C(C(OC)=O)N1)C3=C(C4=C2C5=CC=CC=C5N4)NC6=CC=CC=C63	3	0	0	0	369.1113413400001
1438	BGC0000434	Streptomyces	SW-163C	NRP	unk	C[C@H]1C[C@]11N(C)C(=O)[C@@H]2CSSC[C@H](N(C)C(=O)[C@H](C)NC(=O)[C@@H](COC1=O)NC(=O)C1=C(O)C=C3C=CC=CC3=N1)C(=O)N(C)[C@]1(C[C@@H]1C)C(=O)OC[C@@H](NC(=O)C1=C(O)C=C3C=CC=CC3=N1)C(=O)N[C@@H](C)C(=O)N2C	1	0	0	0	1112.3731886
1442	BGC0001775	Cordana	sespendole	Terpene	unk	[H][C@]12CC3=C(NC4=CC=C([C@H](O)C5OC5(C)C)C(CC=C(C)C)=C34)[C@]1(C)[C@@]1(C)CCC(=O)C(C)(C)[C@]1(O)CC2	2	0	0	0	519.33485892
1443	BGC0001573	Claviceps	dihydrolysergic acid	Alkaloid	unk	CN1CC(CC2C1CC3=CNC4=CC=CC2=C34)C(=O)O	2	0	0	0	270.136827816
1447	BGC0000951	Streptomyces	pacidamycin 1	NRP	unk	O[C@@H]([C@H](N1C(NC(C=C1)=O)=O)O/2)CC2=C\NC([C@@H](NC([C@H](C)NC(N[C@@H](CC3=CNC4=C3C=CC=C4)C(O)=O)=O)=O)[C@@H](N(C)C([C@H](CC5=CC=CC(O)=C5)NC([C@@H](N)C)=O)=O)C)=O	1	0	0	0	874.3609670400001
1449	BGC0000996	Streptomyces	frontalamide B	NRP	Antifungal	O=C(NCCC(O)C1C(O)=C(C(/C=C/2)=O)C(N1)=O)/C=C\\C[C@H]([C@]3([H])[C@]4([H])[C@@]5([H])[C@@](C[C@H](C=C)[C@@H]5C)([H])C3)[C@H]2CC4=O	1	0	1	0	508.25733687199994
1453	BGC0001221	Streptomyces	marinophenazine A	Other	Cytotoxic	C/C(=C\\COc1cccc2c1nc1cccc(c1[n+]2[O-])O)/CCC=C(C)C	1	0	0	0	364.17869262799996
1468	BGC0001671	Agrobacterium	monobactam	NRP	unk	C[C@H]1[C@@H](C(=O)N1S(=O)(=O)[O-])NC(=O)/C(=N\OC(C)(C)C(=O)O)/C2=CSC(=N2)[NH3+]	0	0	0	0	435.051854504
1469	BGC0001154	Catenulispora	cacibiocin B	Other	Unknown	OC1=C(Cl)C(OC2=O)=C(C(O[H])=C2N([H])C(C3=C([H])C([H])=C(C(O)=O)N3[H])=O)C([H])=C1Cl	1	0	0	0	397.970855956
1476	BGC0001208	Pseudomonas	poaeamide A	NRP	Antifungal,Other	CCCCCCC[C@@H](O)CC(N[C@@H](CC(C)C)C(N[C@H](CCC(O)=O)C(N[C@@H](C(N[C@H](CC(C)C)C(N[C@H](C(N[C@H](CO)C(N[C@@H](CC(C)C)C(N[C@H](C(N[C@@H](C(N[C@H](C1=O)[C@H](CC)C)=O)CO)=O)CC(C)C)=O)=O)=O)CC(C)C)=O)=O)[C@H](O1)C)=O)=O)=O	0	0	1	0	1252.7893919959997
1481	BGC0000968	Penicillium	chaetoglobosins	NRP	Cytotoxic	CC[C@H]1[C@H]2[C@@H](NC(=O)[C@@]23[C@@H](/C=C/C[C@@H](/C=C(\\[C@H](C(=O)/C=C/C3=O)O)/C)C)[C@H]4[C@@]1(O4)C)[C@@H](C)C5=CNC6=CC=CC=C65	2	0	0	0	556.29372238
1490	BGC0001679	Aspergillus	N-acetyltryptophan	NRP	unk	CC(=O)NC(CC1=CNC2=C1C=CC=C2)C(O)=O	2	0	0	0	246.100442308
1493	BGC0001513	Actinobacteria	anthrabenzoxocinone	Polyketide	unk	CC1=CC(=CC2=C1[C@@H]3C4=C(C[C@@](O3)(O2)C)C=C5C(=C4O)C(=O)C6=C(C=C(C=C6C5(C)C)O)O)O	1	0	0	0	460.15220310799987
1494	BGC0001498	Xenorhabdus	aerobactin	Other	unk	CC(=O)N(CCCC[C@@H](C(=O)O)NC(=O)CC(CC(=O)N[C@@H](CCCCN(C(=O)C)O)C(=O)O)(C(=O)O)O)O	0	0	0	0	564.2278872119998
1496	BGC0001425	Myxococcus	Myxochromide A	NRP	Unknown	CN([C@H]1[C@@H](C)OC(=O)CC[C@H](NC(=O)[C@H](NC(=O)[C@H]2CCCN2C(=O)[C@H](CC(C)C)NC(=O)[C@@H](NC1=O)C)C)C(=O)N)C(=O)/C=C/C=C/C=C/C=C/C=C/C=C/C=C/C=C/C	0	0	0	0	845.4687265960001
1498	BGC0001473	Micromonospora	Sch 18640	Thiopeptide	Antibacterial	C[C@H]([C@H](NC1=S)C2=NC([C@@H](N3)[C@](C4=NC(C(N[C@@](C(N/C(C5=N[C@@H](C(N[C@](C(C)(O)[C@@H](C)O)([H])C6=NC1=CS6)=O)CS5)=C\\C)=O)([H])[C@@H](C)O)=O)=CS4)(NC([C@H](C)NC(C(NC([C@H](C)NC([C@H]([C@@H](CC)C)N[C@@H]7C=CC8=C(N=C9C=C8[C@@H](O)C)[C@H]7O)=O)=O)=C)=O)=O)CC[C@@H]3C%10=NC(C(NC(C(NC(C(N)=O)=C)=O)=C)=O)=CS%10)=CS2)OC9=O	1	1	0	0	1681.4851583239988
1500	BGC0001331	Salinispora	BE-43547A1	NRP	Cytotoxic	O=C(CNC([C@](O)(C)C1=O)=O)NC(/C=C/C(N(C)CC(O[C@@H](CCCCCCCCCCC(C)C)[C@@H]1C)=O)=O)=C	1	0	0	0	563.357050908
1501	BGC0001761	Sorangium	ripostatin A	Polyketide	unk	C/C/1=C/C/C=C\C/C(=C\C(=O)O[C@@H]2C[C@@H](C1)O[C@](C2)(CC/C(=C/CC3=CC=CC=C3)/C)O)/CC(=O)O	0	0	0	0	494.2668389359999
1503	BGC0001514	Streptomyces	aristeromycin	Other	unk	NC1=NC=NC2=C1N=CN2[C@@H]1C[C@H](CO)[C@@H](O)[C@H]1O	1	0	0	0	265.11748934
1507	BGC0000880	Streptomyces	Tunicamycin B1	Nucleoside	Antibacterial,Antifungal,Cytotoxic	CCCCCCCCCCCC/C=C/C(=O)N[C@@H]1[C@H]([C@H]([C@H](O[C@H]1O[C@@H]2[C@@H]([C@H]([C@@H]([C@H](O2)CO)O)O)NC(=O)C)C[C@H]([C@@H]3[C@H]([C@H]([C@@H](O3)n4ccc(=O)[nH]c4=O)O)O)O)O)O	1	1	1	0	830.4160819040001
1510	BGC0000274	uncultured	Tetarimycin A	Polyketide	Antibacterial	OC1=CC(O)=C(C(C(C(C(C(C)=CC(O)=C2)=C2C3=O)=O)=C3C4(C)C)=O)C4=C1	3	1	0	0	364.09468823199995
1513	BGC0001612	Fischerella	hapalindole	Alkaloid	unk	[H][C@@]12CC[C@@](C)(C=C)[C@@H]([N+]#[C-])[C@@]1([H])C1=C(NC3=CC=CC(=C13)C2(C)C)C(C)(C)C=C	0	0	0	0	372.256549024
1514	BGC0001566	Cylindrospermum	cylindrocyclophane	Polyketide	unk	CCCC[C@@H]1CCCC[C@H]([C@@H](C2=CC(=C([C@@H](CCCC[C@H]([C@@H](C3=CC(=C1C(=C3)O)O)O)C)CCCC)C(=C2)O)O)O)C	0	0	0	0	584.4076895119998
1521	BGC0001659	Fusarium	mangicol	Terpene	unk	[H][C@@]12CC[C@H](C)[C@@]11[C@H](O)C[C@H](C)C1=C[C@@]1(C)CC[C@](C)(C[C@H](O)[C@H](O)[C@@](C)(O)CO)[C@@]21[H]	2	0	0	0	422.3032244439999
1527	BGC0001351	Streptomyces	cahuitamycin A	NRP	unk	[H]C(=O)N(O)CCC[C@@H](NC(=O)[C@H](CO)NC(=O)[C@@H]1COC(=N1)C1=CC=CC=C1O)C(=O)N1NCCC[C@@H]1C(=O)NCCC(O)=O	1	0	0	0	635.255105004
1530	BGC0001122	Aspergillus	dihydroisoflavipucine	NRP	Unknown	OC(CC(C)C)C(O1)OC2=C1C=C(C)NC2=O	2	0	0	0	239.115758024
1538	BGC0001798	Streptomyces	tetrapetalone A	Polyketide	unk	[H][C@]1(O[C@H]2CC[C@@H](O)[C@@H](C)O2)[C@@H](C)[C@@]2([H])C(C)=CC3(CC)OC4=CC(=O)C=C1C24NC(=O)\C(C)=C3\O	1	0	0	0	471.225702396
1540	BGC0001439	Streptomyces	antibiotic HKI 10311129 	Polyketide	Antibacterial	NC(C(C([C@]12O[C@H]3CC[C@H](O[C@H]4CC[C@H](O)[C@@H](C)O4)[C@@H](C)O3)=O)=C(O)[C@H](O[C@H]5CC[C@H](O[C@H]6CC[C@H](O[C@H]7CC[C@H](O[C@H]8CC[C@H](O)[C@H](C)O8)[C@H](C)O7)[C@H](C)O6)[C@@H](C)O5)C2CC9=CC%10=C(C(C=C(OC)C%10=O)=O)C(O)=C9C1=O)=O	1	1	0	0	1113.4780730400003
1541	BGC0001159	Streptomyces	marinopyrrole A	NRP	Antibacterial	O=C(C1=CC=CC=C1O)C2=CC(Cl)=C(Cl)N2C3=C(C(C4=CC=CC=C4O)=O)NC(Cl)=C3Cl	1	1	0	0	507.955117584
1544	BGC0001652	Streptomyces	limazepine C	NRP	unk	[H][C@@]12CC(CC)=CN1C(=O)C1=CC=C(OC)C(O)=C1N=C2	1	0	0	0	272.116092372
1546	BGC0001359	Streptomyces	PM100117	Polyketide	unk	CCC(OC1CC(C)(O)C(OC2OC(C)C(CC2O)OC(=O)C(C)C(OC2CCC(O)C(C)O2)C2=CC3=C(C=C2)C(=O)C(C)=CC3=O)C(C)O1)C(C)C(O)C(C)C(O)C(C)C1OC(=O)\C=C\CC(O)CC(O)CCCC(O)CCC(C)C(O)C(=O)C2(O)CC(O)CC(CC(O)CC(O)CC(O)CCCC(O)CCC1C)O2	1	0	0	0	1580.8854282039995
1551	BGC0001723	Streptomyces	oviedomycin	Polyketide	unk	CC1=C(O)C(=O)C2=C(C=C(O)C3=C2C(=O)C2=CC=CC(O)=C2C3=O)C1=O	1	0	0	0	350.04265265999993
1552	BGC0000722	Streptomyces	validamycin A	Other	Antifungal	O[C@H]1[C@H](O)[C@@H](O)[C@@H](N[C@H]2C[C@H](CO)[C@@H](O[C@H](OC(CO)[C@@H](O)[C@H]3O)[C@H]3O)[C@H](O)[C@H]2O)C=C1CO.C	1	0	1	0	513.2421403079999
1555	BGC0000476	uncultured	Patellamide B	Cyanobactin	Unknown	CC[C@H](C)[C@H]1C2=N[C@@H]([C@H](O2)C)C(=O)N[C@@H](C3=NC(=CS3)C(=O)N[C@H](C4=N[C@@H]([C@H](O4)C)C(=O)N[C@@H](C5=NC(=CS5)C(=O)N1)C)CC(C)C)CC6=CC=CC=C6	3	0	0	0	776.313823256
1562	BGC0001007	Salinispora	lymphostin	Polyketide	Inhibitor	NC1=C(N=C2)C(C2=CC(C(/C=C/OC)=O)=N3)=C3C(NC(C)=O)=C1	1	0	0	0	310.10659030799997
1563	BGC0001783	Streptomyces	streptonigrin	Other	unk	COC1=CC=C(C(O)=C1OC)C1=C(N)C(=NC(C(O)=O)=C1C)C1=NC2=C(C=C1)C(=O)C(OC)=C(N)C2=O	1	0	0	0	506.14376366399995
1567	BGC0000821	Lechevalieria	rebeccamycin	Other	Cytotoxic	CO[C@@H]1[C@H](O[C@H]([C@@H]([C@H]1O)O)n2c3c(cccc3Cl)c4c2c5c(c6cccc(c6[nH]5)Cl)c7c4C(=O)NC7=O)CO	1	0	0	0	569.0756553720001
1571	BGC0001497	Streptomyces	actinonin	Polyketide	unk	CCCCC[C@H](CC(=O)NO)C(=O)N[C@@H](C(C)C)C(=O)N1CCC[C@H]1CO	1	0	0	0	385.25767122
1573	BGC0000893	Streptomyces	chloramphenicol	NRP	Antibacterial	C1=CC(=CC=C1[C@H]([C@@H](CO)NC(=O)C(Cl)Cl)O)[N+](=O)[O-]	1	1	0	0	322.012326844
1574	BGC0001487	Streptomyces	3,7-dihydroxytropolone	Other	unk	C1=CC(=O)C(=C(C(=C1)O)O)O	1	0	0	0	154.026608672
1578	BGC0001417	Cystobacterineae	Myxochromide D	NRP	Unknown	C1(=O)N[C@@H](CC(C)C)C(=O)N[C@@H](C)C(=O)N[C@@H](CCC(=O)N)C(=O)O[C@H](C)[C@H](N(C)C(=O)/C=C/C=C/C=C/C=C/C=C/C=C/C=C/CC)C(=O)N[C@@H]1C	0	0	0	0	736.4159627519999
1584	BGC0001710	Pseudomonas	obafluorin	NRP	unk	OC1=C(O)C(=CC=C1)C(=O)N[C@H]1[C@@H](CC2=CC=C(C=C2)N(=O)=O)OC1=O	0	0	0	0	358.0801007879999
1593	BGC0000425	Pseudomonas	sessilin A	NRP	Antifungal,Surfactant	O=C(N[C@@H]([C@@H](C)CC)C(N[C@@H](CCO)C(N[C@H](CCN)C(N[C@@H](CCCCN)C(O)=O)=O)=O)=O)[C@@H]([C@H](O)C)NC(/C(NC([C@@H](C(C)C)NC([C@H](CC(C)C)NC([C@@H](CCC(N)=O)NC([C@H](C(C)C)NC([C@@H](C(C)C)NC([C@@H](CC(C)C)NC([C@@H](CCC(N)=O)NC([C@@H](C(C)C)NC([C@@H](CC(C)C)NC([C@@H](CO)NC([C@]1(C(CC(O)CCCCC)=O)N(C(/C(N)=C/C)=O)CCC1)=O)=O)=O)=O)=O)=O)=O)=O)=O)=O)=O)=C\\C)=O	0	0	1	0	2045.250013495998
1594	BGC0000544	Planomonospora	planosporicin	Lantipeptide	Antibacterial	O=C(N[C@H](C(NC(C(N[C@H]1CC2=CNC3=C2C=CC=C3)=O)=C)=O)C(C)C)[C@H](NC(/C(NC(C(N)C(C)CC)=O)=C/C)=O)CSC[C@@H](C(N[C@@H](C(N4[C@H](C(NCC(N5)=O)=O)CCC4)=O)[C@H](C)SC[C@H]5C(N[C@H]([C@H](O)C)C(N[C@@H](C(NC(CCC(O)=O)C(NCC(NCC(NCC(N6)=O)=O)=O)=O)=O)CSC[C@@H](C(N[C@@H](CSC7)C(N[C@@H]8CC9=CNC=N9)=O)=O)NC(CNC([C@H]6CSC[C@@H](C(N[C@@H]7C(O)=O)=O)NC8=O)=O)=O)=O)=O)=O)NC1=O	1	1	0	0	2191.779091359998
1598	BGC0001544	Aspergillus	chlorflavonin	NRP	unk	COC1=C(C2=C(C(=C1)O)C(=O)C(=C(O2)C3=C(C(=CC=C3)Cl)O)OC)OC	2	0	0	0	378.05063049999995
1600	BGC0001540	Streptomyces	CC-1065	Other	unk	CC1=CNC2=C1[C@@]34C[C@@H]3CN(C4=CC2=O)C(=O)C5=CC6=C7CCN(C7=C(C(=C6N5)OC)O)C(=O)C8=CC9=C1CCN(C1=C(C(=C9N8)OC)O)C(=O)N	1	0	0	0	703.239061016
1601	BGC0000921	Pseudomonas	Promysalin	Other	Antibacterial	O=C(OC(CCCCCC(O)C(N)=O)CCCCCC)C(CC=C1)N1C(C2=C(O)C=CC=C2)=O	0	1	0	0	474.27298693599994
1604	BGC0000954	Chondromyces	Ajudazol	NRP	Antifungal	C1(C[C@H](C)[C@@H]2OC(=O)C3=C(O)C(C)=CC=C3[C@H]2O)N=C(C(C/C=C\C=C/CC/C=C/CN(C)C(/C=C(\C)/OC)=O)=C)OC=1	0	0	1	0	590.299201684
1608	BGC0001635	Nonomuraea	kistamicin A	NRP	unk	NC(CC1=CC=C(O)C=C1)C(=O)NC1CC2=CNC3=C2C=CC(=C3)C2=CC3=CC(OC4=CC=C(CC5NC(=O)C(NC(=O)C3NC(=O)C(NC1=O)C1=CC(O)=CC(O)=C1)C1=CC=C(OC3=C(O)C=CC(=C3)C(NC5=O)C(O)=O)C(Cl)=C1)C=C4)=C2O	1	0	0	0	1170.3162406120002
1609	BGC0001532	Brevibacillus	bogorol	NRP	unk	[H][C@](NC(=O)[C@@H](CCCN)NC(=O)C(CC(C)C)NC(=O)C(\NC(=O)[C@@H](O)[C@@H](C)CC)=C/C)([C@@H](C)CC)C(=O)N[C@@H](C(C)C)C(=O)N[C@@H](C(C)C)C(=O)NC(CCCCN)C(=O)N[C@@H](C(C)C)C(=O)NC(CC(C)C)C(=O)NC(CCCCN)C(=O)N[C@H](CC1=CC=C(O)C=C1)C(=O)NC(CC(C)C)C(=O)N[C@H](CO)C(C)C	1	0	0	0	1583.0789724639994
1611	BGC0001785	Streptomyces	streptovaricin	Polyketide	unk	C[C@@H]1/C=C\C=C(\C(=O)NC2=C(C(=C3C(=C(C(=C4C3=C(/C(=C/[C@@]([C@@H]([C@H]([C@H]([C@@H]([C@@H]([C@@H]([C@@H]1O)C)O)C(=O)OC)O)C)O)(C)O)/C)OCO4)C)O)C2=O)OC(=O)C)C)/C	1	0	0	0	769.330955312
1618	BGC0001436	Paecilomyces	cornexistin	Polyketide	Other	O=C(OC1=O)C2=C1[C@@H](CCC)[C@H](O)C(C[C@H](O)/C(C2)=C\\C)=O	2	0	0	0	308.12598835999995
1623	BGC0000833	Streptomyces	Coumermycin A1	Saccharide	Antibacterial	O=C(C1=C([H])C([H])=C(C([H])([H])[H])N1[H])O[C@]([C@@]2([H])O[H])([H])[C@@](C(C([H])([H])[H])(C([H])([H])[H])O[C@@]2([H])OC3=C(C([H])([H])[H])C(OC4=O)=C(C(O[H])=C4N([H])C(C5=C(C([H])([H])[H])C(C(N([H])C6=C(C7=C(C(C([H])([H])[H])=C(C([H])=C7[H])O[C@]8([H])OC(C([H])([H])[H])(C([H])([H])[H])[C@]([C@@]([C@@]8([H])O[H])([H])OC(C9=C([H])C([H])=C(C([H])([H])[H])N9[H])=O)([H])OC([H])([H])[H])OC6=O)O[H])=O)=C([H])N5[H])=O)C([H])=C3[H])([H])OC([H])([H])[H]	1	1	0	0	1109.3753392880003
1626	BGC0001688	uncultured	N-tetradecanoyl tyrosine	Other	unk	CCCCCCCCCCCC(=O)N[C@@H](Cc1ccc(O)cc1)C(O)O	3	0	0	0	365.25660859999994
1627	BGC0001749	Magnaporthe	pyriculol	Polyketide	unk	C/C=C/[C@@H]([C@@H](/C=C/C1=C(C(=CC=C1)O)C=O)O)O	2	0	0	0	248.104858992
1631	BGC0000836	Escherichia	APE Ec	Other	Unknown,Antioxidant	CC1=C(O)C=CC(/C=C/C=C/C=C/C=C/C=C/C=C/C(OC)=O)=C1	0	0	0	0	322.15689456399997
1636	BGC0001722	Aspergillus	orsellinaldehydes	Polyketide	unk	CC1=CC(O)=CC(O)=C1C=O	2	0	0	0	152.047344116
1637	BGC0001367	Haliangium	haliamide	NRP	unk	CC(C\C(C)=C\C=C\C(C)NC(=O)C1=CC=CC=C1)C=C	0	0	0	0	283.19361442
1644	BGC0001812	Micromonospora	tylactone	Polyketide	unk	CC[C@@H]1C[C@H](C(=O)/C=C/C(=C/[C@H]([C@H](OC(=O)C[C@H]([C@H]([C@H]1O)C)O)CC)C)/C)C	1	0	0	0	394.27192431599997
1646	BGC0000150	Salinispora	sporolide	NRP	Unknown	[H]C12OC11C(=O)C(C)=C3OC45C(O)C6=C(C(Cl)=C(C=C6)[C@@]([H])(O)COC(=O)[C@]1([H])OC)C4(OC23O)C([H])(O)CC5([H])O	1	0	0	0	538.0878038559998
1648	BGC0000399	Pseudomonas	Orfamide A	NRP	Antifungal,Surfactant,Other	O=C([C@H](NC([C@@H](CCC(O)=O)NC([C@@H](NC(C[C@@H](O)CCCCCCCCCCC)=O)CC(C)C)=O)=O)[C@@H](C)OC([C@H](C(C)C)NC1=O)=O)N[C@H]([C@@H](C)CC)C(N[C@@H](CC(C)C)C(N[C@H](CO)C(N[C@@H](CC(C)C)C(N[C@@H](CC(C)C)C(N[C@@H]1CO)=O)=O)=O)=O)=O	0	0	1	0	1294.8363421879992
1650	BGC0001499	Pantoea	aerobactin	Other	unk	CC(=O)N(CCCC[C@@H](C(=O)O)NC(=O)CC(CC(=O)N[C@@H](CCCCN(C(=O)C)O)C(=O)O)(C(=O)O)O)O	0	0	0	0	564.2278872119998
1655	BGC0001516	Aspergillus	aspergillic acid	NRP	unk	CCC(C)C1=CN=C(C(=O)N1O)CC(C)C	2	0	0	0	224.15247788
1656	BGC0001640	Kocuria	kocurin	Other	unk	C=C(NC(=O)C(=C)NC(=O)[C@@H]1CCCN1C(=O)[C@H](C)NC(=O)C(=C)NC(=O)c%12csc(c2cc%10cc(n2)c3csc(n3)c4csc(n4)[C@@H]5CCCN5C(=O)[C@@H](Cc6ccc(O)cc6)NC(=O)C\7CS/C(=N7)[C@@H](Cc8ccccc8)NC(=O)c9csc(n9)[C@@H](CC(N)=O)NC(=O)c%11nc%10oc%11C)n%12)C(N)=O	1	0	0	0	1514.3660291719993
1657	BGC0000153	Stigmatella	Stigmatellin A	NRP	Antifungal	O(C)C1=CC(=C(O)C2OC(CC[C@H](C)[C@@H]([C@H](C)[C@@H](/C=C/C=C/C(/C)=C/C)OC)OC)=C(C)C(=O)C1=2)OC	0	0	1	0	514.2930536839999
1670	BGC0001327	Micromonospora	Rakicidin A	NRP	Cytotoxic	CN(CC(N[C@@H]([C@@H](C(N)=O)O)C(OC([C@H](C)CCCCCCCCCCCC(C)C)[C@H](C)C(N1)=O)=O)=O)C(/C=C/C1=C)=O	1	0	0	0	606.399250068
1672	BGC0001423	Myxococcus	Myxochromide C	NRP	Unknown	C1(=O)N[C@@H](CC(C)C)C(N2CCC[C@H]2C(=O)N[C@@H](CCC(=O)N)C(=O)O[C@H](C)[C@H](N(C)C(=O)/C=C/C=C/C=C/C=C/C=C/C=C/C=C/C=C/C)C(=O)N[C@@H]1C)=O	0	0	0	0	774.431612816
1682	BGC0001585	Escovopsis	melinacidin IV	Alkaloid	unk	CN1C(=O)C23C(C4(C(N2C(=O)C1(SS3)CO)NC5=CC=CC=C54)C67C(C89C(=O)N(C(C(=O)N8C6NC1=CC=CC=C71)(SS9)CO)C)O)O	2	0	0	0	728.0851458560002
1687	BGC0001700	Streptomyces	niphimycins C-E	Polyketide	unk	CC1CCC(C(C(CC(C(/C=C/C(C(C(=O)O[C@@H](C(/C=C/C=C/C(C(C(CC(CC(CC2CC(C(C(O2)(CC1O)O)O)O)OC(=O)CC(=O)O)O)O)C)O)C)[C@@H](C)C[C@@H](C)CCC/C=C/CCCNC(=NC)N)C)O)C)O)O)C)O	1	0	0	0	1141.7236634560002
1689	BGC0000592	Microcystis	Microviridin B	Microviridin	Inhibitor	CC(C)C[C@H]1NC(=O)[C@H](NC(=O)[C@@H](NC(=O)CNC(=O)[C@H](CC2=CC=CC=C2)NC(C)=O)[C@@H](C)O)[C@@H](C)OC(=O)C[C@@H]2NC(=O)[C@@H]3COC(=O)CC[C@@H](NC(=O)[C@H](CC4=CNC5=C4C=CC=C5)NC2=O)C(=O)N[C@@H](CCC(=O)NCCCC[C@H](NC1=O)C(=O)N[C@@H](CC1=CC=C(O)C=C1)C(=O)N1CCC[C@H]1C(=O)N3)C(=O)N[C@@H](CC1=CC=C(O)C=C1)C(O)=O	0	0	0	0	1722.7565882719991
1690	BGC0000247	Streptomyces	mithramycin	Polyketide	Cytotoxic	C[C@@H]1[C@H]([C@@H](C[C@@H](O1)O[C@@H]2C[C@@H](O[C@@H]([C@H]2O)C)OC3=CC4=CC5=C(C(=O)[C@H]([C@@H](C5)[C@@H](C(=O)[C@H]([C@@H](C)O)O)OC)O[C@H]6C[C@H]([C@@H]([C@H](O6)C)O)O[C@H]7C[C@H]([C@H]([C@H](O7)C)O)O[C@H]8C[C@]([C@@H]([C@H](O8)C)O)(C)O)C(=C4C(=C3C)O)O)O)O	1	0	0	0	1084.4726533120004
1692	BGC0001763	Streptomyces	rufomycin	NRP	unk	C/C=C/C[C@H]1C(=O)N[C@H](C(=O)N([C@H](C(=O)N[C@H](C(=O)N[C@H](C(=O)N([C@H](C(=O)NC(C(=O)N1)CC(C)C)CC(C)C)C)C)CC2=CC(=C(C=C2)O)[N+](=O)[O-])CC(C)C)C)CC3=CN(C4=CC=CC=C43)C(C)(C)C=C	1	0	0	0	1011.579339664
1693	BGC0001777	Escovopsis	shearinine D	Terpene	unk	[H][C@]12CC3=C(NC4=CC5=C(C=C34)[C@@H](O)[C@@]3([H])C5=CC(C)(C)OC3(C)C)[C@]1(C)[C@@]1(C)CC[C@@]34O[C@@]([H])(C(=O)C=C3[C@]1(O)CC2)C(C)(C)O4	2	0	0	0	599.32468816
1699	BGC0001014	Ralstonia	micacocidin	NRP	Antibacterial,Siderophore	OC1=C(C2=N[C@]([C@@]3([H])SC[C@]([C@@H](O)C(C)(C)C4=N[C@](C(O)=O)(C)CS4)([H])N3C)([H])CS2)C(CCCCC)=CC=C1	0	1	0	1	565.210269728
1702	BGC0001741	Phyllosticta	phyllostictine A	NRP	unk	CCN1C(=O)\C2=C3/CO[C@](OC)([C@H]3O)[C@@H](O)CCCCC[C@@]12C	2	0	0	0	325.188922964
1705	BGC0001668	Aspergillus	microperfuranone	NRP	unk	OC1OC(=O)C(=C1CC1=CC=CC=C1)C1=CC=CC=C1	2	0	0	0	266.094294308
1711	BGC0000049	Streptomyces	E-492	Polyketide	unk	C\C=C(/C)C(O)C(C)\C=C\C=C\CCC(O)CC1=C(C)C(=O)C(O)(O1)C(C)O	1	0	0	0	394.2355388079999
1714	BGC0001034	Sorangium	Pellasoren	NRP	Cytotoxic	CC/C=C(OC)/C(N[C@@H](C)/C=C(C)/C=C(C)/C=C/C[C@@H]([C@H]1OC([C@H](C)C[C@@H]1C)=O)C)=O	0	0	0	0	431.30355879199993
1719	BGC0001396	Streptomyces	aldgamycin J	Polyketide	unk	CO[C@@H]1[C@H](O)[C@@H](C)O[C@@H](OCC2C3OC3CCC(=O)[C@@](C)(O)CC(C)C(O[C@@H]3O[C@H](C)C[C@](O)([C@H](C)O)[C@H]3O)C(C)\C=C\C(=O)OC2C)[C@@H]1OC	1	0	0	0	732.39322122
1721	BGC0001495	Actinoallomurus	actinoallolide A	Polyketide	unk	CCC1C(=O)C2(C)CC(C)=CCC(OC(=O)CC1(O)O2)C(C)C(O)C(C)CC(C)=CC(C)C(O)C(C)C(=O)CC	1	0	0	0	564.3662186239999
1729	BGC0001052	Streptomyces	tirandamycin	NRP	Antibacterial	C[C@H]1[C@@H]2C(=O)[C@H]3[C@](O3)([C@@](O2)(O[C@@H]1[C@H](C)/C=C(\\C)/C=C/C(=O)C4=C(NCC4=O)O)C)C	1	1	0	0	417.178752204
1736	BGC0001739	Streptomyces	phosphonoacetic Acid	Other	unk	C(C(=O)O)P(=O)(O)O	1	0	0	0	139.98745989
1744	BGC0000323	Pseudomonas	cichofactin A	NRP	Antibacterial,Antifungal,Surfactant	O=C(N[C@@H](CC(C)C)C(N[C@@H](CC(C)C)C(N[C@@H](CCC(N)=O)C(N[C@@H](CC(C)C)C(N[C@@H](CCC(N)=O)C(N[C@@H](C(C)C)C(N[C@@H](CC(C)C)C(N[C@@H](CC(C)C)C(O)=O)=O)=O)=O)=O)=O)=O)=O)[C@H](CC1=CNC=N1)NC(CC(O)CCCCCCC)=O	0	1	1	0	1245.806045104
1750	BGC0001426	Myxococcus	Myxochromide A	NRP	Unknown	CN([C@H]1[C@@H](C)OC(=O)CC[C@H](NC(=O)[C@H](NC(=O)[C@H]2CCCN2C(=O)[C@H](CC(C)C)NC(=O)[C@@H](NC1=O)C)C)C(=O)N)C(=O)/C=C/C=C/C=C/C=C/C=C/C=C/C=C/C=C/C	0	0	0	0	845.4687265960001
1756	BGC0000196	Photorhabdus	AQ-256	Polyketide	Unknown	Oc3cccc2C(=O)c1cc(O)cc(O)c1C(=O)c23	0	0	0	0	256.03717335600004
1760	BGC0000147	Sorangium	Soraphen	Polyketide	Antifungal	C1CC[C@@H](C2=CC=CC=C2)OC(=O)[C@@H](C)[C@@]2(O)[C@H]([*])[C@@H](O)[C@H](C)[C@@H](O2)C(C)C=C[C@@H]([*])[C@@H]([*])C1	0	0	1	0	427.24844922
1763	BGC0000822	Lechevalieria	rebeccamycin	Alkaloid	Cytotoxic	CO[C@@H]1[C@H](O[C@H]([C@@H]([C@H]1O)O)N2C3=C(C=CC=C3Cl)C4=C5C(=C6C7=C(C(=CC=C7)Cl)NC6=C42)C(=O)NC5=O)CO	1	0	0	0	569.0756553720001
1765	BGC0001542	Cercospora	cercosporin	Polyketide	unk	C[C@H](CC1=C(C(=C2C(=O)C=C3C4=C5C(=CC(=O)C6=C(C(=C(C(=C56)C1=C42)C[C@@H](C)O)OC)O)OCO3)O)OC)O	2	0	0	0	534.1525970319998
1768	BGC0000445	Micromonospora	thiocoraline	NRP	Cytotoxic	CN1C2CSSCC(C(=O)N(C(C(=O)SCC(C(=O)NCC1=O)NC(=O)C3=NC4=CC=CC=C4C=C3O)CSC)C)N(C(=O)CNC(=O)C(CSC(=O)C(N(C2=O)C)CSC)NC(=O)C5=NC6=CC=CC=C6C=C5O)C	1	0	0	0	1156.240343232
1772	BGC0000213	Streptomyces	colabomycin E	Polyketide	Antibacterial,Inhibitor	O=C(NC1=C[C@](/C=C/C=C/C=C/C=C/C(NC2=C(O)CCC2=O)=O)(O)C3C(O3)C1=O)/C=C/C=C/C=C/C=C\\C=C\\C	1	1	0	0	556.2209513639998
1784	BGC0001740	Streptomyces	phthoxazolin	NRP	unk	C\C(=C\C=C/C=C/CC1=CN=CO1)[C@@H](O)C(C)(C)C(N)=O	1	0	0	0	290.16304256399997
1792	BGC0000426	Paenibacillus	Sevadicin	NRP	Antibacterial	O=C(NC(C)C(NC(CC1=CNC2=C1C=CC=C2)C(O)=O)=O)C(N)CC3=CC=CC=C3	1	1	0	0	422.195405312
1794	BGC0001466	Talaromyces	Wortmanamide	Polyketide	Unknown	OC(CCCCNC(/C=C/CCCCCCCC/C=C/C[C@H](O)C)=O)=O	2	0	0	0	367.27225866399993
1802	BGC0000179	Sorangium	Etnangien	Polyketide	Other	OC1C(C)CC=CC=CCC(O)CCCC(O)CC(C(C)C(O)/C=C(\C)/C=C/C=C/C=C/C=C/C=C/CC(O)/C=C(\C)/CCC(=O)O)OC(=O)CC(O)C(C)C(OC)C1C	0	0	0	0	840.5387632520001
1808	BGC0000268	Streptomyces	Sch47554	Polyketide	unk	CC1C(CCC(O1)C2=C(C3=C(C=C2)C(=O)C4=C(C3=O)C=CC5(C4(C(=O)CC(C5)(C)OC6C=CC(=O)C(O6)C)O)O)O)OC7C=CC(=O)C(O7)C	1	0	0	0	690.231241276
1809	BGC0001563	Cochliobolus	curvupallides	NRP	unk	CON1C(=C)C2=C([C@H](O)[C@@H](O)[C@@H](O2)\C=C\C=C\C)C1=O	2	0	0	0	279.11067264400003
1811	BGC0001080	Streptomyces	Endophenazine A	Other	Antibacterial,Antifungal	[O-]C(C1=C([H])C([H])=C([H])C2=NC3=C([H])C([H])=C([H])C(C([H])([H])/C([H])=C(C([H])([H])[H])/C([H])([H])[H])=C3N=C21)=O	1	1	1	0	291.11390129991
1814	BGC0001806	Pseudomonas	tolaasin	NRP	unk	CCC(C)C1NC(=O)C(NC(=O)C(\NC(=O)C(NC(=O)C(CC(C)C)NC(=O)C(CCC(N)=O)NC(=O)C(NC(=O)C(NC(=O)C(CC(C)C)NC(=O)C(CO)NC(=O)C(NC(=O)C(CC(C)C)NC(=O)C(CO)NC(=O)C2CCCN2C(=O)C(\NC(=O)CCCC(O)=O)=C\C)C(C)C)C(C)C)C(C)C)C(C)C)=C\C)C(C)OC(=O)C(CCCCN)NC(=O)C(CCN)NC(=O)C(CCO)NC1=O	0	0	0	0	1958.145214079999
